#VRML V2.0 utf8
# 3D model generated by easyeda2kicad.py (https://github.com/uPesy/easyeda2kicad.py)

Shape{
    appearance Appearance {
        material  Material 	{
            diffuseColor 0.34901960784313724 0.34901960784313724 0.34901960784313724
            specularColor 0.023529411764705882 0.023529411764705882 0.023529411764705882
            ambientIntensity 0.498
            transparency 0.0
            shininess 0.5
        }
    }
    geometry IndexedFaceSet {
        ccw TRUE
        solid FALSE
        coord DEF co Coordinate {
            point [
                -1.8701 -1.0689 3.3465, -1.8701 -1.0689 4.1339, -1.8701 -0.7146 4.1339, -1.8701 -0.7146 0.2362, -1.8701 -1.0689 0.2362, -1.8701 -1.0689 1.0236, -1.8701 -1.3839 1.0236, -1.8701 -1.3839 3.3465, -0.8465 -1.0689 0.0, -1.6339 -1.0689 0.0, -1.6339 -0.7146 0.0, 1.6339 -0.7146 0.0, 1.6339 -1.0689 0.0, 0.8465 -1.0689 0.0, 0.8465 -1.3839 0.0, -0.8465 -1.3839 0.0, 1.8701 -1.0689 1.0236, 1.8701 -1.0689 0.2362, 1.8701 -0.7146 0.2362, 1.8701 -0.7146 4.1339, 1.8701 -1.0689 4.1339, 1.8701 -1.0689 3.3465, 1.8701 -1.3839 3.3465, 1.8701 -1.3839 1.0236, 0.8465 -1.0689 4.3701, 1.6339 -1.0689 4.3701, 1.6339 -0.7146 4.3701, -1.6339 -0.7146 4.3701, -1.6339 -1.0689 4.3701, -0.8465 -1.0689 4.3701, -0.8465 -1.3839 4.3701, 0.8465 -1.3839 4.3701, -0.8563 -1.3839 3.6526, -0.8605 -1.3839 3.636, -0.6648 -1.3839 3.7568, 0.6648 -1.3839 3.7568, 0.8605 -1.3839 3.636, 0.8563 -1.3839 3.6526, 0.8465 -1.3839 3.7402, 0.4526 -1.3839 3.8452, -0.4526 -1.3839 3.8452, -0.8465 -1.3839 3.7402, -0.2292 -1.3839 3.8992, 0.0 -1.3839 3.9173, 0.2292 -1.3839 3.8992, 0.8605 -1.2264 3.636, 0.6648 -1.2264 3.7568, 0.4526 -1.2264 3.8452, 0.2292 -1.2264 3.8992, 0.0 -1.2264 3.9173, -0.2292 -1.2264 3.8992, -0.4526 -1.2264 3.8452, -0.6648 -1.2264 3.7568, -0.8605 -1.2264 3.636, -1.1479 -1.2264 3.3574, -1.1479 -1.3839 3.3574, -1.2758 -1.2264 3.1636, -1.2758 -1.3839 3.1636, -1.3713 -1.2264 2.952, -1.3713 -1.3839 2.952, -1.432 -1.2264 2.7278, -1.432 -1.3839 2.7278, -1.4562 -1.2264 2.4969, -1.4562 -1.3839 2.4969, -1.4435 -1.2264 2.2651, -1.4435 -1.3839 2.2651, -1.3941 -1.2264 2.0382, -1.3941 -1.3839 2.0382, -1.3093 -1.2264 1.822, -1.3093 -1.3839 1.822, -1.1912 -1.2264 1.6221, -1.1912 -1.3839 1.6221, -1.0428 -1.2264 1.4435, -1.0428 -1.3839 1.4435, -0.8679 -1.2264 1.2907, -0.8679 -1.3839 1.2907, -0.671 -1.2264 1.1677, -0.671 -1.3839 1.1677, -0.457 -1.2264 1.0775, -0.457 -1.3839 1.0775, -0.2315 -1.2264 1.0224, -0.2315 -1.3839 1.0224, 0.0 -1.2264 1.0039, 0.0 -1.3839 1.0039, 0.2315 -1.2264 1.0224, 0.2315 -1.3839 1.0224, 0.457 -1.2264 1.0775, 0.457 -1.3839 1.0775, 0.671 -1.2264 1.1677, 0.671 -1.3839 1.1677, 0.8679 -1.2264 1.2907, 0.8679 -1.3839 1.2907, 1.0428 -1.2264 1.4435, 1.0428 -1.3839 1.4435, 1.1912 -1.2264 1.6221, 1.1912 -1.3839 1.6221, 1.3093 -1.2264 1.822, 1.3093 -1.3839 1.822, 1.3941 -1.2264 2.0382, 1.3941 -1.3839 2.0382, 1.4435 -1.2264 2.2651, 1.4435 -1.3839 2.2651, 1.4562 -1.2264 2.4969, 1.4562 -1.3839 2.4969, 1.432 -1.2264 2.7278, 1.432 -1.3839 2.7278, 1.3713 -1.2264 2.952, 1.3713 -1.3839 2.952, 1.2758 -1.2264 3.1636, 1.2758 -1.3839 3.1636, 1.1479 -1.2264 3.3574, 1.1479 -1.3839 3.3574, -0.9947 -1.3839 0.9377, 1.1526 -1.3839 3.3563, -1.1526 -1.3839 3.3563, -0.9323 -1.3839 0.8754, -0.8854 -1.3839 0.8007, -1.2402 -1.3839 3.3465, 0.8563 -1.3839 0.7175, 0.8854 -1.3839 0.8007, 1.2402 -1.3839 3.3465, -1.0693 -1.3839 0.9846, -1.1526 -1.3839 1.0138, -1.2402 -1.3839 1.0236, -0.8465 -1.3839 0.6299, 0.9323 -1.3839 0.8754, 0.9947 -1.3839 0.9377, 1.0693 -1.3839 0.9846, 1.1526 -1.3839 1.0138, 1.2402 -1.3839 1.0236, -0.8563 -1.3839 0.7175, 0.8465 -1.3839 0.6299, 1.752 -0.7146 4.3384, 1.8009 -0.7146 4.3009, 1.8384 -0.7146 4.252, 1.862 -0.7146 4.195, 1.695 -0.7146 4.362, -1.8009 -0.7146 4.3009, -1.8384 -0.7146 4.252, -1.862 -0.7146 4.195, -1.752 -0.7146 4.3384, -1.695 -0.7146 4.362, 1.8009 -0.7146 0.0692, 1.8384 -0.7146 0.1181, 1.862 -0.7146 0.1751, 1.752 -0.7146 0.0317, 1.695 -0.7146 0.0081, -1.8009 -0.7146 0.0692, -1.752 -0.7146 0.0317, -1.695 -0.7146 0.0081, -1.8384 -0.7146 0.1181, -1.862 -0.7146 0.1751, 1.0693 -1.2264 3.3854, 0.9947 -1.2264 3.4324, 1.0874 -1.2264 3.307, -1.0693 -1.2264 3.3854, -1.2119 -1.2264 3.1165, -1.0874 -1.2264 3.307, -0.7537 -1.2264 3.6142, -0.8854 -1.2264 3.5693, -0.9333 -1.2264 3.4744, -0.9323 -1.2264 3.4947, -0.9947 -1.2264 3.4324, 0.1138 -1.2264 3.8339, -0.1138 -1.2264 3.8339, -0.3383 -1.2264 3.7964, -0.5535 -1.2264 3.7225, 0.5535 -1.2264 3.7225, 0.3383 -1.2264 3.7964, 0.9333 -1.2264 3.4744, 0.9323 -1.2264 3.4947, 0.7537 -1.2264 3.6142, 0.8854 -1.2264 3.5693, -0.1138 -1.2264 1.0874, 0.1138 -1.2264 1.0874, 0.3383 -1.2264 1.1248, 0.5535 -1.2264 1.1987, 0.7537 -1.2264 1.3071, 0.9333 -1.2264 1.4468, 1.0874 -1.2264 1.6143, 1.2119 -1.2264 1.8048, 1.3033 -1.2264 2.0132, 1.3592 -1.2264 2.2338, 1.378 -1.2264 2.4606, 1.3592 -1.2264 2.6874, 1.3033 -1.2264 2.9081, 1.2119 -1.2264 3.1165, -1.3033 -1.2264 2.9081, -1.3592 -1.2264 2.6874, -1.378 -1.2264 2.4606, -1.3592 -1.2264 2.2338, -1.3033 -1.2264 2.0132, -1.2119 -1.2264 1.8048, -1.0874 -1.2264 1.6143, -0.9333 -1.2264 1.4468, -0.7537 -1.2264 1.3071, -0.5535 -1.2264 1.1987, -0.3383 -1.2264 1.1248, -0.1017 -3.3524 1.363, 0.0373 -3.3524 1.2013, 0.1017 -3.3524 1.363, 0.186 -3.3524 1.2146, 0.3017 -3.3524 1.4004, -0.3017 -3.3524 1.4004, -0.2595 -3.3524 1.2278, -0.1119 -3.3524 1.2058, -1.0836 -3.3524 2.6632, -1.2576 -3.3524 2.5353, -1.1024 -3.3524 2.4606, -1.2576 -3.3524 2.386, -1.0836 -3.3524 2.2581, 0.6643 -3.3524 1.5809, 0.8504 -3.3524 1.5311, 0.8147 -3.3524 1.718, 0.9543 -3.3524 1.6382, 0.9372 -3.3524 1.8803, 0.3321 -3.3524 1.2453, 0.4735 -3.3524 1.2931, 0.4914 -3.3524 1.4738, 0.6082 -3.3524 1.3573, 0.7345 -3.3524 1.437, -1.0279 -3.3524 2.8589, -1.2049 -3.3524 2.8286, -1.24 -3.3524 2.6835, -0.6643 -3.3524 1.5809, -0.6725 -3.3524 1.3953, -0.4914 -3.3524 1.4738, -0.5418 -3.3524 1.3232, -0.4035 -3.3524 1.2672, -0.9372 -3.3524 1.8803, -1.0014 -3.3524 1.6962, -0.8147 -3.3524 1.718, -0.9039 -3.3524 1.5831, -0.7938 -3.3524 1.4823, -1.24 -3.3524 2.2378, -1.2049 -3.3524 2.0927, -1.0279 -3.3524 2.0624, -1.1529 -3.3524 1.9528, -1.0848 -3.3524 1.82, -0.8147 -3.3524 3.2033, -1.0014 -3.3524 3.2251, -0.9372 -3.3524 3.041, -1.0848 -3.3524 3.1013, -1.1529 -3.3524 2.9685, -0.4914 -3.3524 3.4474, -0.6725 -3.3524 3.526, -0.6643 -3.3524 3.3403, -0.7938 -3.3524 3.4389, -0.9039 -3.3524 3.3382, -0.1017 -3.3524 3.5583, -0.2595 -3.3524 3.6935, -0.3017 -3.3524 3.5209, -0.4035 -3.3524 3.6541, -0.5418 -3.3524 3.598, 0.1017 -3.3524 3.5583, 0.0373 -3.3524 3.7199, -0.1119 -3.3524 3.7155, 0.8147 -3.3524 3.2033, 0.8504 -3.3524 3.3902, 0.6643 -3.3524 3.3403, 0.7345 -3.3524 3.4842, 0.4914 -3.3524 3.4474, 1.0279 -3.3524 2.8589, 1.1208 -3.3524 3.0359, 0.9372 -3.3524 3.041, 1.0449 -3.3524 3.1644, 0.9543 -3.3524 3.2831, 0.6082 -3.3524 3.5639, 0.4735 -3.3524 3.6281, 0.3017 -3.3524 3.5209, 0.3321 -3.3524 3.6759, 0.186 -3.3524 3.7067, 1.1024 -3.3524 2.4606, 1.251 -3.3524 2.6096, 1.0836 -3.3524 2.6632, 1.2246 -3.3524 2.7566, 1.181 -3.3524 2.8993, 1.0836 -3.3524 2.2581, 1.251 -3.3524 2.3116, 1.2598 -3.3524 2.4606, 1.0449 -3.3524 1.7568, 1.1208 -3.3524 1.8854, 1.0279 -3.3524 2.0624, 1.181 -3.3524 2.022, 1.2246 -3.3524 2.1647, -1.3583 -3.2343 2.2339, -1.3755 -3.2343 2.379, -1.3562 -3.2343 2.2169, -1.3179 -3.2343 2.0582, -1.261 -3.2343 1.9051, -1.3014 -3.2343 2.0139, -1.0869 -3.2343 1.6147, -1.0953 -3.2343 1.6245, -1.1865 -3.2343 1.7599, -1.21 -3.2343 1.8058, -0.9887 -3.2343 1.5008, -0.9316 -3.2343 1.4486, -0.8682 -3.2343 1.3906, -0.753 -3.2343 1.308, -0.7356 -3.2343 1.2954, -0.5926 -3.2343 1.2166, -0.4413 -3.2343 1.1553, -0.5528 -3.2343 1.2005, -0.1224 -3.2343 1.0881, -0.2838 -3.2343 1.1122, -0.3377 -3.2343 1.1269, -0.1138 -3.2343 1.0879, 0.0408 -3.2343 1.0833, 0.1136 -3.2343 1.0898, 0.2034 -3.2343 1.0978, 0.338 -3.2343 1.1261, 0.5179 -3.2343 1.1837, 0.3632 -3.2343 1.1314, 0.8033 -3.2343 1.3411, 0.7525 -3.2343 1.309, 0.6653 -3.2343 1.2539, 0.5528 -3.2343 1.2003, 1.0438 -3.2343 1.5611, 0.9331 -3.2343 1.447, 0.9301 -3.2343 1.4439, 1.1429 -3.2343 1.6908, 1.0855 -3.2343 1.6157, 1.3018 -3.2343 2.0137, 1.2917 -3.2343 1.9808, 1.2259 -3.2343 1.8314, 1.2106 -3.2343 1.8055, 1.3394 -3.2343 2.137, 1.3569 -3.2343 2.2342, 1.3683 -3.2343 2.2977, 1.378 -3.2343 2.4606, 1.3683 -3.2343 2.6236, 1.3569 -3.2343 2.687, 1.3394 -3.2343 2.7843, 1.3018 -3.2343 2.9076, 1.2259 -3.2343 3.0898, 1.2917 -3.2343 2.9404, 1.1429 -3.2343 3.2304, 1.2106 -3.2343 3.1157, 0.9301 -3.2343 3.4773, 0.9331 -3.2343 3.4743, 1.0438 -3.2343 3.3602, 1.0855 -3.2343 3.3056, 0.8033 -3.2343 3.5802, 0.7525 -3.2343 3.6123, 0.6653 -3.2343 3.6674, 0.5528 -3.2343 3.7209, 0.3632 -3.2343 3.7899, 0.5179 -3.2343 3.7376, 0.2034 -3.2343 3.8235, 0.338 -3.2343 3.7952, 0.0408 -3.2343 3.838, 0.1136 -3.2343 3.8315, -0.3377 -3.2343 3.7943, -0.2838 -3.2343 3.809, -0.1224 -3.2343 3.8331, -0.1138 -3.2343 3.8334, -0.4413 -3.2343 3.766, -0.5528 -3.2343 3.7208, -0.5926 -3.2343 3.7046, -0.7356 -3.2343 3.6258, -0.8682 -3.2343 3.5306, -0.753 -3.2343 3.6133, -0.9887 -3.2343 3.4204, -0.9316 -3.2343 3.4726, -1.21 -3.2343 3.1155, -1.1865 -3.2343 3.1614, -1.0953 -3.2343 3.2968, -1.0869 -3.2343 3.3065, -1.261 -3.2343 3.0161, -1.3014 -3.2343 2.9074, -1.3179 -3.2343 2.8631, -1.3562 -3.2343 2.7044, -1.3755 -3.2343 2.4606, -1.3755 -3.2343 2.5423, -1.3583 -3.2343 2.6873, -1.0062 -3.2736 2.6487, -1.0236 -1.2264 2.4606, -1.0046 -3.2736 2.6542, -1.0051 -1.2264 2.6544, -0.9545 -3.2736 2.8304, -0.9503 -1.2264 2.8411, -0.8611 -1.2264 3.014, -0.8703 -3.2736 2.9995, -0.9494 -3.2736 2.8406, -0.7408 -1.2264 3.167, -0.7565 -3.2736 3.1502, -0.86 -3.2736 3.0132, -0.5938 -1.2264 3.2945, -0.6169 -3.2736 3.2775, -0.7396 -3.2736 3.1656, -0.4252 -1.2264 3.3918, -0.4563 -3.2736 3.3769, -0.5926 -3.2736 3.2925, -0.2413 -1.2264 3.4554, -0.2801 -3.2736 3.4452, -0.4243 -3.2736 3.3893, -0.0487 -1.2264 3.4831, -0.0944 -3.2736 3.4799, -0.2408 -3.2736 3.4525, 0.1457 -1.2264 3.4738, 0.0944 -3.2736 3.4799, -0.0487 -3.2736 3.4799, 0.3348 -1.2264 3.428, 0.2801 -3.2736 3.4452, 0.145 -3.2736 3.4704, 0.5118 -1.2264 3.3471, 0.4563 -3.2736 3.3769, 0.3335 -3.2736 3.4245, 0.6703 -1.2264 3.2342, 0.6169 -3.2736 3.2775, 0.5098 -3.2736 3.3438, 0.8046 -1.2264 3.0934, 0.7565 -3.2736 3.1502, 0.6676 -3.2736 3.2312, 0.9098 -1.2264 2.9297, 0.8703 -3.2736 2.9995, 0.8013 -3.2736 3.0909, 0.9822 -1.2264 2.749, 0.9545 -3.2736 2.8304, 0.906 -3.2736 2.9278, 1.019 -1.2264 2.5579, 1.0062 -3.2736 2.6487, 0.978 -3.2736 2.7478, 0.9822 -1.2264 2.1722, 1.0062 -3.2736 2.2725, 1.019 -1.2264 2.3633, 1.0146 -3.2736 2.3637, 1.0236 -1.2264 2.4606, 1.0236 -3.2736 2.4606, 1.0146 -3.2736 2.5575, 0.9098 -1.2264 1.9916, 0.9545 -3.2736 2.0909, 0.978 -3.2736 2.1734, 0.8046 -1.2264 1.8279, 0.8703 -3.2736 1.9218, 0.906 -3.2736 1.9935, 0.6703 -1.2264 1.687, 0.7565 -3.2736 1.771, 0.8013 -3.2736 1.8304, 0.5118 -1.2264 1.5742, 0.6169 -3.2736 1.6438, 0.6676 -3.2736 1.69, 0.3348 -1.2264 1.4933, 0.4563 -3.2736 1.5443, 0.5098 -3.2736 1.5774, 0.1457 -1.2264 1.4474, 0.2801 -3.2736 1.4761, 0.3335 -3.2736 1.4967, -0.0487 -1.2264 1.4382, 0.0944 -3.2736 1.4414, 0.145 -3.2736 1.4508, -0.2413 -1.2264 1.4659, -0.0944 -3.2736 1.4414, -0.0487 -3.2736 1.4414, -0.4252 -1.2264 1.5295, -0.2801 -3.2736 1.4761, -0.2408 -3.2736 1.4687, -0.5938 -1.2264 1.6268, -0.4563 -3.2736 1.5443, -0.4243 -3.2736 1.5319, -0.7408 -1.2264 1.7543, -0.6169 -3.2736 1.6438, -0.5926 -3.2736 1.6287, -0.8611 -1.2264 1.9072, -0.7565 -3.2736 1.771, -0.7396 -3.2736 1.7556, -0.9503 -1.2264 2.0802, -0.8703 -3.2736 1.9218, -0.86 -3.2736 1.9081, -1.0051 -1.2264 2.2669, -0.9545 -3.2736 2.0909, -0.9494 -3.2736 2.0806, -1.0236 -3.2736 2.4606, -1.0062 -3.2736 2.2725, -1.0046 -3.2736 2.2671
            ]
        }
        coordIndex [
            0,1,2,-1,3,4,5,-1,6,7,5,-1,5,7,0,-1,5,0,3,-1,3,0,2,-1,8,9,10,-1,11,12,13,-1,14,15,13,-1,13,15,8,-1,13,8,11,-1,11,8,10,-1,16,17,18,-1,19,20,21,-1,22,23,21,-1,21,23,16,-1,21,16,19,-1,19,16,18,-1,24,25,26,-1,27,28,29,-1,30,31,29,-1,29,31,24,-1,29,24,27,-1,27,24,26,-1,32,33,34,-1,35,36,37,-1,37,38,35,-1,35,38,31,-1,35,31,39,-1,40,30,34,-1,34,30,41,-1,34,41,32,-1,40,42,30,-1,30,42,43,-1,30,43,31,-1,31,43,44,-1,31,44,39,-1,45,36,46,-1,46,36,35,-1,46,35,47,-1,47,35,39,-1,47,39,48,-1,48,39,44,-1,48,44,49,-1,49,44,43,-1,49,43,50,-1,50,43,42,-1,50,42,51,-1,51,42,40,-1,51,40,52,-1,52,40,34,-1,52,34,53,-1,53,34,33,-1,54,55,56,-1,56,55,57,-1,56,57,58,-1,58,57,59,-1,58,59,60,-1,60,59,61,-1,60,61,62,-1,62,61,63,-1,62,63,64,-1,64,63,65,-1,64,65,66,-1,66,65,67,-1,66,67,68,-1,68,67,69,-1,68,69,70,-1,70,69,71,-1,70,71,72,-1,72,71,73,-1,72,73,74,-1,74,73,75,-1,74,75,76,-1,76,75,77,-1,76,77,78,-1,78,77,79,-1,78,79,80,-1,80,79,81,-1,80,81,82,-1,82,81,83,-1,82,83,84,-1,84,83,85,-1,84,85,86,-1,86,85,87,-1,86,87,88,-1,88,87,89,-1,88,89,90,-1,90,89,91,-1,90,91,92,-1,92,91,93,-1,92,93,94,-1,94,93,95,-1,94,95,96,-1,96,95,97,-1,96,97,98,-1,98,97,99,-1,98,99,100,-1,100,99,101,-1,100,101,102,-1,102,101,103,-1,102,103,104,-1,104,103,105,-1,104,105,106,-1,106,105,107,-1,106,107,108,-1,108,107,109,-1,108,109,110,-1,110,109,111,-1,112,83,81,-1,113,111,109,-1,57,55,114,-1,112,115,83,-1,83,115,116,-1,83,116,85,-1,61,59,7,-1,7,59,57,-1,7,57,117,-1,117,57,114,-1,116,118,85,-1,85,118,119,-1,85,119,87,-1,87,119,89,-1,107,22,109,-1,109,22,120,-1,109,120,113,-1,81,79,112,-1,112,79,77,-1,112,77,121,-1,121,77,75,-1,121,75,122,-1,122,75,73,-1,122,73,123,-1,123,73,71,-1,123,71,6,-1,6,71,69,-1,69,67,6,-1,6,67,65,-1,6,65,7,-1,7,65,63,-1,7,63,61,-1,124,15,14,-1,95,23,97,-1,97,23,99,-1,119,125,89,-1,89,125,126,-1,89,126,91,-1,91,126,127,-1,91,127,93,-1,93,127,128,-1,93,128,95,-1,95,128,129,-1,95,129,23,-1,116,130,118,-1,118,130,124,-1,118,124,131,-1,131,124,14,-1,107,105,22,-1,22,105,103,-1,22,103,23,-1,23,103,101,-1,23,101,99,-1,132,133,19,-1,19,133,134,-1,19,134,135,-1,19,18,11,-1,2,27,3,-1,3,27,10,-1,10,27,11,-1,11,27,26,-1,11,26,19,-1,19,26,136,-1,19,136,132,-1,137,2,138,-1,138,2,139,-1,137,140,2,-1,2,140,141,-1,2,141,27,-1,142,18,143,-1,143,18,144,-1,142,145,18,-1,18,145,146,-1,18,146,11,-1,147,10,148,-1,148,10,149,-1,147,150,10,-1,10,150,151,-1,10,151,3,-1,152,153,154,-1,155,156,157,-1,158,159,160,-1,160,159,161,-1,160,161,157,-1,157,161,162,-1,157,162,155,-1,163,49,164,-1,164,49,50,-1,164,50,165,-1,165,50,51,-1,165,51,166,-1,166,51,52,-1,166,52,158,-1,158,52,53,-1,158,53,159,-1,167,46,168,-1,168,46,47,-1,168,47,163,-1,163,47,48,-1,163,48,49,-1,154,153,169,-1,169,153,170,-1,169,170,171,-1,171,170,172,-1,171,172,167,-1,167,172,45,-1,167,45,46,-1,173,82,174,-1,174,82,84,-1,174,84,175,-1,175,84,86,-1,175,86,176,-1,176,86,88,-1,176,88,177,-1,177,88,90,-1,177,90,178,-1,178,90,92,-1,178,92,179,-1,179,92,94,-1,179,94,180,-1,180,94,96,-1,180,96,181,-1,181,96,98,-1,181,98,182,-1,182,98,100,-1,182,100,183,-1,183,100,102,-1,183,102,184,-1,184,102,104,-1,184,104,185,-1,185,104,106,-1,185,106,186,-1,186,106,108,-1,186,108,154,-1,154,108,110,-1,154,110,152,-1,155,54,156,-1,156,54,56,-1,156,56,187,-1,187,56,58,-1,187,58,188,-1,188,58,60,-1,188,60,189,-1,189,60,62,-1,189,62,190,-1,190,62,64,-1,190,64,191,-1,191,64,66,-1,191,66,192,-1,192,66,68,-1,192,68,193,-1,193,68,70,-1,193,70,194,-1,194,70,72,-1,194,72,195,-1,195,72,74,-1,195,74,196,-1,196,74,76,-1,196,76,197,-1,197,76,78,-1,197,78,173,-1,173,78,80,-1,173,80,82,-1,198,199,200,-1,200,199,201,-1,200,201,202,-1,203,204,198,-1,198,204,205,-1,198,205,199,-1,206,207,208,-1,208,207,209,-1,208,209,210,-1,211,212,213,-1,213,212,214,-1,213,214,215,-1,201,216,202,-1,202,216,217,-1,202,217,218,-1,218,217,219,-1,218,219,211,-1,211,219,220,-1,211,220,212,-1,221,222,206,-1,206,222,223,-1,206,223,207,-1,224,225,226,-1,226,225,227,-1,226,227,203,-1,203,227,228,-1,203,228,204,-1,229,230,231,-1,231,230,232,-1,231,232,224,-1,224,232,233,-1,224,233,225,-1,209,234,210,-1,210,234,235,-1,210,235,236,-1,236,235,237,-1,236,237,229,-1,229,237,238,-1,229,238,230,-1,239,240,241,-1,241,240,242,-1,241,242,221,-1,221,242,243,-1,221,243,222,-1,244,245,246,-1,246,245,247,-1,246,247,239,-1,239,247,248,-1,239,248,240,-1,249,250,251,-1,251,250,252,-1,251,252,244,-1,244,252,253,-1,244,253,245,-1,254,255,249,-1,249,255,256,-1,249,256,250,-1,257,258,259,-1,259,258,260,-1,259,260,261,-1,262,263,264,-1,264,263,265,-1,264,265,257,-1,257,265,266,-1,257,266,258,-1,260,267,261,-1,261,267,268,-1,261,268,269,-1,269,268,270,-1,269,270,254,-1,254,270,271,-1,254,271,255,-1,272,273,274,-1,274,273,275,-1,274,275,262,-1,262,275,276,-1,262,276,263,-1,277,278,272,-1,272,278,279,-1,272,279,273,-1,214,280,215,-1,215,280,281,-1,215,281,282,-1,282,281,283,-1,282,283,277,-1,277,283,284,-1,277,284,278,-1,285,286,190,-1,190,286,189,-1,285,190,287,-1,287,190,191,-1,287,191,288,-1,192,289,191,-1,191,289,290,-1,191,290,288,-1,291,292,193,-1,193,292,293,-1,193,293,192,-1,192,293,294,-1,192,294,289,-1,291,193,295,-1,295,193,194,-1,295,194,296,-1,296,194,297,-1,297,194,195,-1,297,195,298,-1,298,195,299,-1,299,195,196,-1,299,196,300,-1,197,301,196,-1,196,301,302,-1,196,302,300,-1,303,304,197,-1,197,304,305,-1,197,305,301,-1,303,197,306,-1,306,197,173,-1,306,173,307,-1,307,173,174,-1,307,174,308,-1,308,174,309,-1,309,174,175,-1,309,175,310,-1,176,311,175,-1,175,311,312,-1,175,312,310,-1,313,314,177,-1,177,314,315,-1,177,315,176,-1,176,315,316,-1,176,316,311,-1,179,317,178,-1,178,317,318,-1,178,318,177,-1,177,318,319,-1,177,319,313,-1,180,320,179,-1,179,320,321,-1,179,321,317,-1,322,323,181,-1,181,323,324,-1,181,324,180,-1,180,324,325,-1,180,325,320,-1,322,181,326,-1,326,181,182,-1,326,182,327,-1,327,182,328,-1,328,182,183,-1,328,183,329,-1,329,183,330,-1,330,183,184,-1,330,184,331,-1,331,184,332,-1,332,184,185,-1,332,185,333,-1,186,334,185,-1,185,334,335,-1,185,335,333,-1,154,336,186,-1,186,336,337,-1,186,337,334,-1,338,339,169,-1,169,339,340,-1,169,340,154,-1,154,340,341,-1,154,341,336,-1,338,169,342,-1,342,169,171,-1,342,171,343,-1,343,171,344,-1,344,171,167,-1,344,167,345,-1,168,346,167,-1,167,346,347,-1,167,347,345,-1,163,348,168,-1,168,348,349,-1,168,349,346,-1,164,350,163,-1,163,350,351,-1,163,351,348,-1,352,353,165,-1,165,353,354,-1,165,354,164,-1,164,354,355,-1,164,355,350,-1,352,165,356,-1,356,165,166,-1,356,166,357,-1,357,166,358,-1,358,166,158,-1,358,158,359,-1,160,360,158,-1,158,360,361,-1,158,361,359,-1,157,362,160,-1,160,362,363,-1,160,363,360,-1,364,365,156,-1,156,365,366,-1,156,366,157,-1,157,366,367,-1,157,367,362,-1,364,156,368,-1,368,156,187,-1,368,187,369,-1,369,187,370,-1,370,187,188,-1,370,188,371,-1,286,372,189,-1,189,372,373,-1,189,373,188,-1,188,373,374,-1,188,374,371,-1,375,376,377,-1,377,376,378,-1,377,378,379,-1,379,378,380,-1,381,382,380,-1,380,382,383,-1,380,383,379,-1,384,385,381,-1,381,385,386,-1,381,386,382,-1,387,388,384,-1,384,388,389,-1,384,389,385,-1,390,391,387,-1,387,391,392,-1,387,392,388,-1,393,394,390,-1,390,394,395,-1,390,395,391,-1,396,397,393,-1,393,397,398,-1,393,398,394,-1,399,400,396,-1,396,400,401,-1,396,401,397,-1,402,403,399,-1,399,403,404,-1,399,404,400,-1,405,406,402,-1,402,406,407,-1,402,407,403,-1,408,409,405,-1,405,409,410,-1,405,410,406,-1,411,412,408,-1,408,412,413,-1,408,413,409,-1,414,415,411,-1,411,415,416,-1,411,416,412,-1,417,418,414,-1,414,418,419,-1,414,419,415,-1,420,421,417,-1,417,421,422,-1,417,422,418,-1,423,424,425,-1,425,424,426,-1,425,426,427,-1,427,426,428,-1,427,428,420,-1,420,428,429,-1,420,429,421,-1,430,431,423,-1,423,431,432,-1,423,432,424,-1,433,434,430,-1,430,434,435,-1,430,435,431,-1,436,437,433,-1,433,437,438,-1,433,438,434,-1,439,440,436,-1,436,440,441,-1,436,441,437,-1,442,443,439,-1,439,443,444,-1,439,444,440,-1,445,446,442,-1,442,446,447,-1,442,447,443,-1,448,449,445,-1,445,449,450,-1,445,450,446,-1,451,452,448,-1,448,452,453,-1,448,453,449,-1,454,455,451,-1,451,455,456,-1,451,456,452,-1,457,458,454,-1,454,458,459,-1,454,459,455,-1,460,461,457,-1,457,461,462,-1,457,462,458,-1,463,464,460,-1,460,464,465,-1,460,465,461,-1,466,467,463,-1,463,467,468,-1,463,468,464,-1,469,470,466,-1,466,470,471,-1,466,471,467,-1,375,472,376,-1,376,472,473,-1,376,473,469,-1,469,473,474,-1,469,474,470,-1,
        ]
    }
}
Shape{
    appearance Appearance {
        material  Material 	{
            diffuseColor 0.20784313725490197 0.20784313725490197 0.20784313725490197
            specularColor 0.01568627450980392 0.01568627450980392 0.01568627450980392
            ambientIntensity 0.298
            transparency 0.0
            shininess 0.5
        }
    }
    geometry IndexedFaceSet {
        ccw TRUE
        solid FALSE
        coord DEF co Coordinate {
            point [
                0.4882 -6.1083 1.8428, 0.5966 -6.1083 1.9468, 0.6833 -6.1083 2.0694, 0.764 -6.1083 2.651, 0.7624 -6.1083 2.6575, -0.7624 -6.1083 2.6575, -0.764 -6.1083 2.651, -0.7863 -6.1083 2.5025, -0.7799 -6.1083 2.3524, -0.6833 -6.1083 2.0694, -0.5966 -6.1083 1.9468, -0.4882 -6.1083 1.8428, -0.362 -6.1083 1.7614, 0.7452 -6.1083 2.2063, 0.7799 -6.1083 2.3524, 0.7863 -6.1083 2.5025, -0.7452 -6.1083 2.2063, -0.2226 -6.1083 1.7053, -0.0751 -6.1083 1.6768, 0.0751 -6.1083 1.6768, 0.2226 -6.1083 1.7053, 0.362 -6.1083 1.7614, -0.8346 -6.0107 2.7551, 0.8346 -6.0107 2.7551, -0.9021 -5.9114 2.8543, 0.9021 -5.9114 2.8543, 0.8184 -4.5335 3.0075, -0.3767 -4.5335 3.37, -0.5468 -4.5335 3.279, -0.9021 -4.5335 2.8543, 0.9021 -4.5335 2.8543, -0.8184 -4.5335 3.0075, -0.696 -4.5335 3.1566, 0.0 -4.5335 3.4449, 0.5468 -4.5335 3.279, 0.192 -4.5335 3.426, 0.3767 -4.5335 3.37, 0.696 -4.5335 3.1566, -0.192 -4.5335 3.426, -0.908 -5.9114 2.8368, -0.955 -5.9114 2.6987, -0.962 -5.9114 2.6522, -0.9829 -5.9114 2.513, -0.9806 -5.9114 2.4608, -0.9749 -5.9114 2.3254, -0.9616 -5.9114 2.2695, -0.9315 -5.9114 2.1427, -0.9057 -5.9114 2.0856, -0.8542 -5.9114 1.9716, -0.815 -5.9114 1.9162, -0.7458 -5.9114 1.8183, -0.693 -5.9114 1.7677, -0.6102 -5.9114 1.6884, -0.5445 -5.9114 1.6459, -0.4524 -5.9114 1.5865, -0.375 -5.9114 1.5554, -0.2782 -5.9114 1.5165, -0.1912 -5.9114 1.4997, -0.0939 -5.9114 1.4809, 0.0 -5.9114 1.4809, 0.0939 -5.9114 1.4809, 0.1912 -5.9114 1.4997, 0.2782 -5.9114 1.5165, 0.375 -5.9114 1.5554, 0.4524 -5.9114 1.5865, 0.5445 -5.9114 1.6459, 0.6102 -5.9114 1.6884, 0.693 -5.9114 1.7677, 0.7458 -5.9114 1.8183, 0.815 -5.9114 1.9162, 0.8542 -5.9114 1.9716, 0.9057 -5.9114 2.0856, 0.9315 -5.9114 2.1427, 0.9616 -5.9114 2.2695, 0.9749 -5.9114 2.3254, 0.9806 -5.9114 2.4608, 0.9829 -5.9114 2.513, 0.962 -5.9114 2.6522, 0.955 -5.9114 2.6987, 0.908 -5.9114 2.8368, 0.9093 -1.2264 2.8373, -0.8184 -1.2264 3.0075, -0.696 -1.2264 3.1566, -0.5468 -1.2264 3.279, -0.3767 -1.2264 3.37, -0.192 -1.2264 3.426, 0.0 -1.2264 3.4449, 0.192 -1.2264 3.426, 0.3767 -1.2264 3.37, 0.5468 -1.2264 3.279, 0.696 -1.2264 3.1566, 0.8184 -1.2264 3.0075, -0.9093 -1.2264 2.8373, -0.9653 -1.2264 2.2686, -0.9843 -1.2264 2.4606, -0.9093 -1.2264 2.084, -0.8184 -1.2264 1.9138, -0.696 -1.2264 1.7647, -0.5468 -1.2264 1.6423, -0.3767 -1.2264 1.5513, -0.192 -1.2264 1.4953, 0.0 -1.2264 1.4764, 0.192 -1.2264 1.4953, 0.3767 -1.2264 1.5513, 0.5468 -1.2264 1.6423, 0.696 -1.2264 1.7647, 0.8184 -1.2264 1.9138, 0.9093 -1.2264 2.084, 0.9653 -1.2264 2.2686, 0.9843 -1.2264 2.4606, 0.9653 -1.2264 2.6527, -0.9653 -1.2264 2.6527
            ]
        }
        coordIndex [
            0,1,2,-1,3,4,5,-1,5,6,3,-1,3,6,7,-1,3,7,8,-1,9,10,2,-1,2,10,11,-1,2,11,12,-1,13,14,8,-1,8,14,15,-1,8,15,3,-1,13,8,2,-1,2,8,16,-1,2,16,9,-1,12,17,2,-1,2,17,18,-1,2,18,19,-1,19,20,2,-1,2,20,21,-1,2,21,0,-1,5,4,22,-1,22,4,23,-1,22,23,24,-1,24,23,25,-1,26,27,28,-1,29,30,31,-1,31,30,26,-1,31,26,32,-1,32,26,28,-1,33,34,35,-1,35,34,36,-1,26,37,27,-1,27,37,34,-1,27,34,38,-1,38,34,33,-1,23,4,3,-1,24,39,22,-1,22,39,40,-1,22,40,5,-1,5,40,6,-1,6,40,41,-1,6,41,7,-1,41,42,7,-1,7,42,43,-1,7,43,8,-1,43,44,8,-1,8,44,45,-1,8,45,16,-1,45,46,16,-1,16,46,47,-1,16,47,9,-1,47,48,9,-1,9,48,49,-1,9,49,10,-1,49,50,10,-1,10,50,51,-1,10,51,11,-1,51,52,11,-1,11,52,53,-1,11,53,12,-1,53,54,12,-1,12,54,55,-1,12,55,17,-1,55,56,17,-1,17,56,57,-1,17,57,18,-1,57,58,18,-1,18,58,59,-1,18,59,19,-1,59,60,19,-1,19,60,61,-1,19,61,20,-1,61,62,20,-1,20,62,63,-1,20,63,21,-1,63,64,21,-1,21,64,65,-1,21,65,0,-1,65,66,0,-1,0,66,67,-1,0,67,1,-1,67,68,1,-1,1,68,69,-1,1,69,2,-1,69,70,2,-1,2,70,71,-1,2,71,13,-1,71,72,13,-1,13,72,73,-1,13,73,14,-1,73,74,14,-1,14,74,75,-1,14,75,15,-1,75,76,15,-1,15,76,77,-1,15,77,3,-1,3,77,78,-1,3,78,23,-1,23,78,79,-1,23,79,25,-1,25,30,24,-1,24,30,29,-1,26,30,80,-1,81,32,82,-1,82,32,28,-1,82,28,83,-1,83,28,27,-1,83,27,84,-1,84,27,38,-1,84,38,85,-1,85,38,33,-1,85,33,86,-1,86,33,35,-1,86,35,87,-1,87,35,36,-1,87,36,88,-1,88,36,34,-1,88,34,89,-1,89,34,37,-1,89,37,90,-1,90,37,26,-1,90,26,91,-1,91,26,80,-1,92,29,81,-1,81,29,31,-1,81,31,32,-1,93,45,44,-1,93,44,94,-1,45,93,46,-1,46,93,95,-1,46,95,47,-1,47,95,48,-1,48,95,96,-1,48,96,49,-1,49,96,50,-1,50,96,97,-1,50,97,51,-1,51,97,52,-1,52,97,98,-1,52,98,53,-1,53,98,54,-1,54,98,99,-1,54,99,55,-1,55,99,56,-1,56,99,100,-1,56,100,57,-1,57,100,58,-1,58,100,101,-1,58,101,59,-1,59,101,60,-1,60,101,102,-1,60,102,61,-1,61,102,62,-1,62,102,103,-1,62,103,63,-1,63,103,64,-1,64,103,104,-1,64,104,65,-1,65,104,66,-1,66,104,105,-1,66,105,67,-1,67,105,68,-1,68,105,106,-1,68,106,69,-1,69,106,70,-1,70,106,107,-1,70,107,71,-1,71,107,72,-1,72,107,108,-1,72,108,73,-1,73,108,74,-1,74,108,109,-1,74,109,75,-1,75,109,76,-1,76,109,110,-1,76,110,77,-1,77,110,78,-1,78,110,80,-1,78,80,79,-1,79,80,30,-1,79,30,25,-1,24,29,39,-1,39,29,92,-1,39,92,40,-1,40,92,111,-1,44,43,94,-1,94,43,42,-1,94,42,111,-1,111,42,41,-1,111,41,40,-1,
        ]
    }
}
Shape{
    appearance Appearance {
        material  Material 	{
            diffuseColor 0.34901960784313724 0.34901960784313724 0.34901960784313724
            specularColor 0.023529411764705882 0.023529411764705882 0.023529411764705882
            ambientIntensity 0.498
            transparency 0.0
            shininess 0.5
        }
    }
    geometry IndexedFaceSet {
        ccw TRUE
        solid FALSE
        coord DEF co Coordinate {
            point [
                0.9843 -1.2264 2.4606, 1.019 -1.2264 2.5579, 0.9653 -1.2264 2.6527, 0.9822 -1.2264 2.749, 0.9093 -1.2264 2.8373, 0.9098 -1.2264 2.9297, 0.8184 -1.2264 3.0075, 0.8046 -1.2264 3.0934, 0.696 -1.2264 3.1566, 0.6703 -1.2264 3.2342, 0.5468 -1.2264 3.279, 0.5118 -1.2264 3.3471, 0.3767 -1.2264 3.37, 0.3348 -1.2264 3.428, 0.192 -1.2264 3.426, 0.1457 -1.2264 3.4738, 0.0 -1.2264 3.4449, -0.0487 -1.2264 3.4831, -0.192 -1.2264 3.426, -0.2413 -1.2264 3.4554, -0.3767 -1.2264 3.37, -0.4252 -1.2264 3.3918, -0.5468 -1.2264 3.279, -0.5938 -1.2264 3.2945, -0.696 -1.2264 3.1566, -0.7408 -1.2264 3.167, -0.8184 -1.2264 3.0075, -0.8611 -1.2264 3.014, -0.9093 -1.2264 2.8373, -0.9503 -1.2264 2.8411, -0.9653 -1.2264 2.6527, -1.0051 -1.2264 2.6544, -0.9843 -1.2264 2.4606, -1.0236 -1.2264 2.4606, -0.9653 -1.2264 2.2686, -1.0051 -1.2264 2.2669, -0.9093 -1.2264 2.084, -0.9503 -1.2264 2.0802, -0.8184 -1.2264 1.9138, -0.8611 -1.2264 1.9072, -0.696 -1.2264 1.7647, -0.7408 -1.2264 1.7543, -0.5468 -1.2264 1.6423, -0.5938 -1.2264 1.6268, -0.3767 -1.2264 1.5513, -0.4252 -1.2264 1.5295, -0.192 -1.2264 1.4953, -0.2413 -1.2264 1.4659, 0.0 -1.2264 1.4764, -0.0487 -1.2264 1.4382, 0.192 -1.2264 1.4953, 0.1457 -1.2264 1.4474, 0.3767 -1.2264 1.5513, 0.3348 -1.2264 1.4933, 0.5468 -1.2264 1.6423, 0.5118 -1.2264 1.5742, 0.696 -1.2264 1.7647, 0.6703 -1.2264 1.687, 0.8184 -1.2264 1.9138, 0.8046 -1.2264 1.8279, 0.9093 -1.2264 2.084, 0.9098 -1.2264 1.9916, 0.9822 -1.2264 2.1722, 0.9653 -1.2264 2.2686, 1.019 -1.2264 2.3633, 1.0236 -1.2264 2.4606, 1.3569 -3.2343 2.687, 1.3394 -3.2343 2.7843, 1.3355 -3.2648 2.7833, 1.2106 -3.2343 3.1157, 1.1429 -3.2343 3.2304, 1.1395 -3.2648 3.2282, 0.9331 -3.2343 3.4743, 0.9301 -3.2343 3.4773, 0.9274 -3.2648 3.4744, 0.7525 -3.2343 3.6123, 0.6653 -3.2343 3.6674, 0.6633 -3.2648 3.6638, 0.338 -3.2343 3.7952, 0.2034 -3.2343 3.8235, 0.2029 -3.2648 3.8195, -0.1138 -3.2343 3.8334, -0.1224 -3.2343 3.8331, -0.122 -3.2648 3.8291, -0.3377 -3.2343 3.7943, -0.4413 -3.2343 3.766, -0.44 -3.2648 3.7622, -0.753 -3.2343 3.6133, -0.8682 -3.2343 3.5306, -0.8657 -3.2648 3.5275, -1.0869 -3.2343 3.3065, -1.0953 -3.2343 3.2968, -1.0921 -3.2648 3.2943, -1.21 -3.2343 3.1155, -1.261 -3.2343 3.0161, -1.2573 -3.2648 3.0145, -1.3583 -3.2343 2.6873, -1.3755 -3.2343 2.5423, -1.3715 -3.2648 2.542, -1.3583 -3.2343 2.2339, -1.3562 -3.2343 2.2169, -1.3523 -3.2648 2.2176, -1.3014 -3.2343 2.0139, -1.261 -3.2343 1.9051, -1.2573 -3.2648 1.9068, -1.0869 -3.2343 1.6147, -0.9887 -3.2343 1.5008, -0.9858 -3.2648 1.5036, -0.9316 -3.2343 1.4486, -0.8682 -3.2343 1.3906, -0.8657 -3.2648 1.3937, -0.5528 -3.2343 1.2005, -0.4413 -3.2343 1.1553, -0.44 -3.2648 1.1591, -0.1138 -3.2343 1.0879, 0.0408 -3.2343 1.0833, 0.0407 -3.2648 1.0873, 0.1136 -3.2343 1.0898, 0.2034 -3.2343 1.0978, 0.2029 -3.2648 1.1018, 0.5528 -3.2343 1.2003, 0.6653 -3.2343 1.2539, 0.6633 -3.2648 1.2574, 0.9331 -3.2343 1.447, 1.0438 -3.2343 1.5611, 1.0408 -3.2648 1.5637, 1.0855 -3.2343 1.6157, 1.1429 -3.2343 1.6908, 1.1395 -3.2648 1.6931, 1.3018 -3.2343 2.0137, 1.3394 -3.2343 2.137, 1.3355 -3.2648 2.1379, 1.251 -3.3524 2.3116, 1.2246 -3.3524 2.1647, 1.2814 -3.3483 2.308, 1.2543 -3.3483 2.1575, 1.3096 -3.3365 2.3046, 1.282 -3.3365 2.1508, 1.3339 -3.3178 2.3017, 1.3058 -3.3178 2.1451, 1.3526 -3.2933 2.2995, 1.324 -3.2933 2.1407, 1.3643 -3.2648 2.2981, 1.1208 -3.3524 1.8854, 1.0449 -3.3524 1.7568, 1.148 -3.3483 1.8714, 1.0703 -3.3483 1.7397, 1.1734 -3.3365 1.8584, 1.0939 -3.3365 1.7238, 1.1951 -3.3178 1.8472, 1.1142 -3.3178 1.7102, 1.2118 -3.2933 1.8386, 1.1298 -3.2933 1.6997, 1.2223 -3.2648 1.8333, 0.7345 -3.3524 1.437, 0.6082 -3.3524 1.3573, 0.7523 -3.3483 1.4122, 0.623 -3.3483 1.3306, 0.7689 -3.3365 1.389, 0.6368 -3.3365 1.3056, 0.7832 -3.3178 1.3692, 0.6486 -3.3178 1.2842, 0.7941 -3.2933 1.3539, 0.6576 -3.2933 1.2678, 0.801 -3.2648 1.3443, 0.3321 -3.3524 1.2453, 0.186 -3.3524 1.2146, 0.3401 -3.3483 1.2159, 0.1905 -3.3483 1.1844, 0.3476 -3.3365 1.1884, 0.1947 -3.3365 1.1562, 0.3541 -3.3178 1.1648, 0.1983 -3.3178 1.132, 0.359 -3.2933 1.1467, 0.2011 -3.2933 1.1134, 0.3622 -3.2648 1.1353, -0.2595 -3.3524 1.2278, -0.4035 -3.3524 1.2672, -0.2658 -3.3483 1.1979, -0.4133 -3.3483 1.2382, -0.2717 -3.3365 1.17, -0.4224 -3.3365 1.2112, -0.2767 -3.3178 1.1461, -0.4302 -3.3178 1.188, -0.2806 -3.2933 1.1277, -0.4362 -3.2933 1.1703, -0.283 -3.2648 1.1162, -0.6725 -3.3524 1.3953, -0.7938 -3.3524 1.4823, -0.6889 -3.3483 1.3695, -0.8131 -3.3483 1.4586, -0.7041 -3.3365 1.3454, -0.831 -3.3365 1.4365, -0.7171 -3.3178 1.3247, -0.8464 -3.3178 1.4175, -0.7271 -3.2933 1.3088, -0.8583 -3.2933 1.4029, -0.7334 -3.2648 1.2988, -1.0848 -3.3524 1.82, -1.1529 -3.3524 1.9528, -1.1111 -3.3483 1.8044, -1.1809 -3.3483 1.9404, -1.1356 -3.3365 1.7899, -1.207 -3.3365 1.929, -1.1567 -3.3178 1.7775, -1.2294 -3.3178 1.9191, -1.1729 -3.2933 1.7679, -1.2465 -3.2933 1.9115, -1.183 -3.2648 1.7619, -1.2576 -3.3524 2.386, -1.2576 -3.3524 2.5353, -1.2881 -3.3483 2.3842, -1.2881 -3.3483 2.5371, -1.3166 -3.3365 2.3825, -1.3166 -3.3365 2.5388, -1.341 -3.3178 2.3811, -1.341 -3.3178 2.5402, -1.3597 -3.2933 2.3799, -1.3597 -3.2933 2.5413, -1.3715 -3.2648 2.3792, -1.2049 -3.3524 2.8286, -1.1529 -3.3524 2.9685, -1.2342 -3.3483 2.8375, -1.1809 -3.3483 2.9808, -1.2614 -3.3365 2.8458, -1.207 -3.3365 2.9923, -1.2848 -3.3178 2.853, -1.2294 -3.3178 3.0022, -1.3027 -3.2933 2.8585, -1.2465 -3.2933 3.0097, -1.314 -3.2648 2.8619, -0.9039 -3.3524 3.3382, -0.7938 -3.3524 3.4389, -0.9259 -3.3483 3.3595, -0.8131 -3.3483 3.4627, -0.9463 -3.3365 3.3793, -0.831 -3.3365 3.4848, -0.9639 -3.3178 3.3964, -0.8464 -3.3178 3.5038, -0.9773 -3.2933 3.4094, -0.8583 -3.2933 3.5184, -0.9858 -3.2648 3.4176, -0.5418 -3.3524 3.598, -0.4035 -3.3524 3.6541, -0.555 -3.3483 3.6256, -0.4133 -3.3483 3.6831, -0.5672 -3.3365 3.6513, -0.4224 -3.3365 3.7101, -0.5777 -3.3178 3.6734, -0.4302 -3.3178 3.7332, -0.5858 -3.2933 3.6904, -0.4362 -3.2933 3.751, -0.5909 -3.2648 3.701, 0.0373 -3.3524 3.7199, 0.186 -3.3524 3.7067, 0.0382 -3.3483 3.7505, 0.1905 -3.3483 3.7369, 0.0391 -3.3365 3.779, 0.1947 -3.3365 3.7651, 0.0398 -3.3178 3.8034, 0.1983 -3.3178 3.7893, 0.0404 -3.2933 3.8222, 0.2011 -3.2933 3.8078, 0.0407 -3.2648 3.834, 0.4735 -3.3524 3.6281, 0.6082 -3.3524 3.5639, 0.485 -3.3483 3.6564, 0.623 -3.3483 3.5907, 0.4957 -3.3365 3.6828, 0.6368 -3.3365 3.6156, 0.5049 -3.3178 3.7055, 0.6486 -3.3178 3.6371, 0.5119 -3.2933 3.7229, 0.6576 -3.2933 3.6535, 0.5164 -3.2648 3.7338, 0.9543 -3.3524 3.2831, 1.0449 -3.3524 3.1644, 0.9775 -3.3483 3.303, 1.0703 -3.3483 3.1815, 0.9991 -3.3365 3.3216, 1.0939 -3.3365 3.1974, 1.0176 -3.3178 3.3376, 1.1142 -3.3178 3.2111, 1.0318 -3.2933 3.3499, 1.1298 -3.2933 3.2216, 1.0408 -3.2648 3.3576, 1.181 -3.3524 2.8993, 1.2246 -3.3524 2.7566, 1.2097 -3.3483 2.91, 1.2543 -3.3483 2.7637, 1.2364 -3.3365 2.9199, 1.282 -3.3365 2.7704, 1.2593 -3.3178 2.9284, 1.3058 -3.3178 2.7762, 1.2769 -3.2933 2.9349, 1.324 -3.2933 2.7806, 1.2879 -3.2648 2.939, 1.2598 -3.3524 2.4606, 1.2904 -3.3483 2.4606, 1.3189 -3.3365 2.4606, 1.3434 -3.3178 2.4606, 1.3621 -3.2933 2.4606, 1.3739 -3.2648 2.4606, 1.378 -3.2343 2.4606, 1.3683 -3.2343 2.2977, 1.3569 -3.2343 2.2342, 1.2917 -3.2343 1.9808, 1.2879 -3.2648 1.9822, 1.2769 -3.2933 1.9863, 1.2593 -3.3178 1.9929, 1.2364 -3.3365 2.0014, 1.2097 -3.3483 2.0113, 1.181 -3.3524 2.022, 1.2259 -3.2343 1.8314, 1.2106 -3.2343 1.8055, 1.0318 -3.2933 1.5714, 1.0176 -3.3178 1.5837, 0.9991 -3.3365 1.5996, 0.9775 -3.3483 1.6182, 0.9543 -3.3524 1.6382, 0.9301 -3.2343 1.4439, 0.9274 -3.2648 1.4469, 0.9194 -3.2933 1.4556, 0.9067 -3.3178 1.4695, 0.8902 -3.3365 1.4875, 0.871 -3.3483 1.5085, 0.8504 -3.3524 1.5311, 0.8033 -3.2343 1.3411, 0.7525 -3.2343 1.309, 0.5179 -3.2343 1.1837, 0.5164 -3.2648 1.1874, 0.5119 -3.2933 1.1984, 0.5049 -3.3178 1.2158, 0.4957 -3.3365 1.2384, 0.485 -3.3483 1.2648, 0.4735 -3.3524 1.2931, 0.3632 -3.2343 1.1314, 0.338 -3.2343 1.1261, 0.0404 -3.2933 1.0991, 0.0398 -3.3178 1.1179, 0.0391 -3.3365 1.1423, 0.0382 -3.3483 1.1708, 0.0373 -3.3524 1.2013, -0.1224 -3.2343 1.0881, -0.122 -3.2648 1.0921, -0.121 -3.2933 1.1039, -0.1193 -3.3178 1.1226, -0.1171 -3.3365 1.1469, -0.1146 -3.3483 1.1753, -0.1119 -3.3524 1.2058, -0.2838 -3.2343 1.1122, -0.3377 -3.2343 1.1269, -0.5926 -3.2343 1.2166, -0.5909 -3.2648 1.2203, -0.5858 -3.2933 1.2309, -0.5777 -3.3178 1.2479, -0.5672 -3.3365 1.2699, -0.555 -3.3483 1.2957, -0.5418 -3.3524 1.3232, -0.7356 -3.2343 1.2954, -0.753 -3.2343 1.308, -0.9773 -3.2933 1.5118, -0.9639 -3.3178 1.5249, -0.9463 -3.3365 1.542, -0.9259 -3.3483 1.5618, -0.9039 -3.3524 1.5831, -1.0953 -3.2343 1.6245, -1.0921 -3.2648 1.6269, -1.0827 -3.2933 1.6341, -1.0678 -3.3178 1.6455, -1.0483 -3.3365 1.6603, -1.0257 -3.3483 1.6776, -1.0014 -3.3524 1.6962, -1.1865 -3.2343 1.7599, -1.21 -3.2343 1.8058, -1.3179 -3.2343 2.0582, -1.314 -3.2648 2.0594, -1.3027 -3.2933 2.0628, -1.2848 -3.3178 2.0683, -1.2614 -3.3365 2.0754, -1.2342 -3.3483 2.0838, -1.2049 -3.3524 2.0927, -1.24 -3.3524 2.2378, -1.2701 -3.3483 2.2324, -1.2981 -3.3365 2.2273, -1.3222 -3.3178 2.223, -1.3406 -3.2933 2.2197, -1.3755 -3.2343 2.379, -1.3755 -3.2343 2.4606, -1.3562 -3.2343 2.7044, -1.3523 -3.2648 2.7037, -1.3406 -3.2933 2.7016, -1.3222 -3.3178 2.6983, -1.2981 -3.3365 2.6939, -1.2701 -3.3483 2.6889, -1.24 -3.3524 2.6835, -1.3179 -3.2343 2.8631, -1.3014 -3.2343 2.9074, -1.1865 -3.2343 3.1614, -1.183 -3.2648 3.1593, -1.1729 -3.2933 3.1533, -1.1567 -3.3178 3.1438, -1.1356 -3.3365 3.1313, -1.1111 -3.3483 3.1168, -1.0848 -3.3524 3.1013, -1.0014 -3.3524 3.2251, -1.0257 -3.3483 3.2437, -1.0483 -3.3365 3.2609, -1.0678 -3.3178 3.2758, -1.0827 -3.2933 3.2872, -0.9887 -3.2343 3.4204, -0.9316 -3.2343 3.4726, -0.7356 -3.2343 3.6258, -0.7334 -3.2648 3.6224, -0.7271 -3.2933 3.6124, -0.7171 -3.3178 3.5966, -0.7041 -3.3365 3.5759, -0.6889 -3.3483 3.5518, -0.6725 -3.3524 3.526, -0.5926 -3.2343 3.7046, -0.5528 -3.2343 3.7208, -0.2838 -3.2343 3.809, -0.283 -3.2648 3.8051, -0.2806 -3.2933 3.7936, -0.2767 -3.3178 3.7752, -0.2717 -3.3365 3.7512, -0.2658 -3.3483 3.7234, -0.2595 -3.3524 3.6935, -0.1119 -3.3524 3.7155, -0.1146 -3.3483 3.7459, -0.1171 -3.3365 3.7743, -0.1193 -3.3178 3.7987, -0.121 -3.2933 3.8174, 0.0408 -3.2343 3.838, 0.1136 -3.2343 3.8315, 0.3632 -3.2343 3.7899, 0.3622 -3.2648 3.786, 0.359 -3.2933 3.7746, 0.3541 -3.3178 3.7565, 0.3476 -3.3365 3.7329, 0.3401 -3.3483 3.7054, 0.3321 -3.3524 3.6759, 0.5179 -3.2343 3.7376, 0.5528 -3.2343 3.7209, 0.8033 -3.2343 3.5802, 0.801 -3.2648 3.5769, 0.7941 -3.2933 3.5673, 0.7832 -3.3178 3.5521, 0.7689 -3.3365 3.5322, 0.7523 -3.3483 3.5091, 0.7345 -3.3524 3.4842, 0.8504 -3.3524 3.3902, 0.871 -3.3483 3.4127, 0.8902 -3.3365 3.4338, 0.9067 -3.3178 3.4518, 0.9194 -3.2933 3.4657, 1.0438 -3.2343 3.3602, 1.0855 -3.2343 3.3056, 1.2259 -3.2343 3.0898, 1.2223 -3.2648 3.088, 1.2118 -3.2933 3.0826, 1.1951 -3.3178 3.074, 1.1734 -3.3365 3.0629, 1.148 -3.3483 3.0499, 1.1208 -3.3524 3.0359, 1.2917 -3.2343 2.9404, 1.3018 -3.2343 2.9076, 1.3683 -3.2343 2.6236, 1.3643 -3.2648 2.6231, 1.3526 -3.2933 2.6217, 1.3339 -3.3178 2.6195, 1.3096 -3.3365 2.6166, 1.2814 -3.3483 2.6133, 1.251 -3.3524 2.6096, 1.0279 -3.3524 2.0624, 1.0836 -3.3524 2.2581, 1.0062 -3.2736 2.2725, 0.978 -3.2736 2.1734, 0.9545 -3.2736 2.0909, 0.9372 -3.3524 1.8803, 0.906 -3.2736 1.9935, 0.8703 -3.2736 1.9218, 0.8147 -3.3524 1.718, 0.8013 -3.2736 1.8304, 0.7565 -3.2736 1.771, 0.6643 -3.3524 1.5809, 0.6676 -3.2736 1.69, 0.6169 -3.2736 1.6438, 0.4914 -3.3524 1.4738, 0.5098 -3.2736 1.5774, 0.4563 -3.2736 1.5443, 0.3017 -3.3524 1.4004, 0.3335 -3.2736 1.4967, 0.2801 -3.2736 1.4761, 0.145 -3.2736 1.4508, 0.1017 -3.3524 1.363, 0.0944 -3.2736 1.4414, -0.0487 -3.2736 1.4414, -0.1017 -3.3524 1.363, -0.0944 -3.2736 1.4414, -0.2408 -3.2736 1.4687, -0.3017 -3.3524 1.4004, -0.2801 -3.2736 1.4761, -0.4243 -3.2736 1.5319, -0.4914 -3.3524 1.4738, -0.4563 -3.2736 1.5443, -0.5926 -3.2736 1.6287, -0.6643 -3.3524 1.5809, -0.6169 -3.2736 1.6438, -0.7396 -3.2736 1.7556, -0.8147 -3.3524 1.718, -0.7565 -3.2736 1.771, -0.86 -3.2736 1.9081, -0.9372 -3.3524 1.8803, -0.8703 -3.2736 1.9218, -0.9494 -3.2736 2.0806, -1.0279 -3.3524 2.0624, -0.9545 -3.2736 2.0909, -1.0046 -3.2736 2.2671, -1.0836 -3.3524 2.2581, -1.0062 -3.2736 2.2725, -1.1024 -3.3524 2.4606, -1.0236 -3.2736 2.4606, -1.0836 -3.3524 2.6632, -1.0062 -3.2736 2.6487, -1.0046 -3.2736 2.6542, -1.0279 -3.3524 2.8589, -0.9545 -3.2736 2.8304, -0.9494 -3.2736 2.8406, -0.9372 -3.3524 3.041, -0.8703 -3.2736 2.9995, -0.86 -3.2736 3.0132, -0.8147 -3.3524 3.2033, -0.7565 -3.2736 3.1502, -0.7396 -3.2736 3.1656, -0.6643 -3.3524 3.3403, -0.6169 -3.2736 3.2775, -0.5926 -3.2736 3.2925, -0.4914 -3.3524 3.4474, -0.4563 -3.2736 3.3769, -0.4243 -3.2736 3.3893, -0.3017 -3.3524 3.5209, -0.2801 -3.2736 3.4452, -0.2408 -3.2736 3.4525, -0.1017 -3.3524 3.5583, -0.0944 -3.2736 3.4799, -0.0487 -3.2736 3.4799, 0.1017 -3.3524 3.5583, 0.0944 -3.2736 3.4799, 0.145 -3.2736 3.4704, 0.3017 -3.3524 3.5209, 0.2801 -3.2736 3.4452, 0.3335 -3.2736 3.4245, 0.4914 -3.3524 3.4474, 0.4563 -3.2736 3.3769, 0.5098 -3.2736 3.3438, 0.6643 -3.3524 3.3403, 0.6169 -3.2736 3.2775, 0.6676 -3.2736 3.2312, 0.8147 -3.3524 3.2033, 0.7565 -3.2736 3.1502, 0.8013 -3.2736 3.0909, 0.9372 -3.3524 3.041, 0.8703 -3.2736 2.9995, 0.906 -3.2736 2.9278, 1.0279 -3.3524 2.8589, 0.9545 -3.2736 2.8304, 0.978 -3.2736 2.7478, 1.0836 -3.3524 2.6632, 1.0062 -3.2736 2.6487, 1.0146 -3.2736 2.5575, 1.1024 -3.3524 2.4606, 1.0236 -3.2736 2.4606, 1.0146 -3.2736 2.3637, 1.8701 -1.0689 4.1339, 1.8701 -0.7146 4.1339, 1.862 -0.7146 4.195, 1.862 -1.0689 4.195, 1.8384 -0.7146 4.252, 1.8384 -1.0689 4.252, 1.8009 -0.7146 4.3009, 1.8009 -1.0689 4.3009, 1.752 -0.7146 4.3384, 1.752 -1.0689 4.3384, 1.695 -0.7146 4.362, 1.695 -1.0689 4.362, 1.6339 -0.7146 4.3701, 1.6339 -1.0689 4.3701, 1.6339 -1.0689 0.0, 1.6339 -0.7146 0.0, 1.695 -0.7146 0.0081, 1.695 -1.0689 0.0081, 1.752 -0.7146 0.0317, 1.752 -1.0689 0.0317, 1.8009 -0.7146 0.0692, 1.8009 -1.0689 0.0692, 1.8384 -0.7146 0.1181, 1.8384 -1.0689 0.1181, 1.862 -0.7146 0.1751, 1.862 -1.0689 0.1751, 1.8701 -0.7146 0.2362, 1.8701 -1.0689 0.2362, -1.8701 -1.0689 0.2362, -1.8701 -0.7146 0.2362, -1.862 -0.7146 0.1751, -1.862 -1.0689 0.1751, -1.8384 -0.7146 0.1181, -1.8384 -1.0689 0.1181, -1.8009 -0.7146 0.0692, -1.8009 -1.0689 0.0692, -1.752 -0.7146 0.0317, -1.752 -1.0689 0.0317, -1.695 -0.7146 0.0081, -1.695 -1.0689 0.0081, -1.6339 -0.7146 0.0, -1.6339 -1.0689 0.0, -1.6339 -1.0689 4.3701, -1.6339 -0.7146 4.3701, -1.695 -0.7146 4.362, -1.695 -1.0689 4.362, -1.752 -0.7146 4.3384, -1.752 -1.0689 4.3384, -1.8009 -0.7146 4.3009, -1.8009 -1.0689 4.3009, -1.8384 -0.7146 4.252, -1.8384 -1.0689 4.252, -1.862 -0.7146 4.195, -1.862 -1.0689 4.195, -1.8701 -0.7146 4.1339, -1.8701 -1.0689 4.1339, -1.1526 -1.0689 3.3563, -1.2402 -1.0689 3.3465, -1.2402 -1.3839 3.3465, -0.8605 -1.2264 3.636, -0.8605 -1.3839 3.636, -0.8563 -1.3839 3.6526, -1.1526 -1.3839 3.3563, -1.1479 -1.3839 3.3574, -1.1479 -1.2264 3.3574, -1.0693 -1.0689 3.3854, -1.0693 -1.2264 3.3854, -0.9947 -1.0689 3.4324, -0.9947 -1.2264 3.4324, -0.9323 -1.0689 3.4947, -0.9323 -1.2264 3.4947, -0.8854 -1.0689 3.5693, -0.8854 -1.2264 3.5693, -0.8563 -1.0689 3.6526, -0.8465 -1.0689 3.7402, -0.8465 -1.3839 3.7402, -0.8465 -1.0689 4.3701, -0.8465 -1.3839 4.3701, -1.8701 -1.0689 3.3465, -1.8701 -1.3839 3.3465, -1.4961 -1.0689 3.634, -1.545 -1.0689 3.6716, -1.5825 -1.0689 3.7205, -1.6061 -1.0689 3.7774, -1.6142 -1.0689 3.8386, -1.2598 -1.0689 4.0432, -1.2109 -1.0689 4.0056, -1.1734 -1.0689 3.9567, -1.1498 -1.0689 3.8997, -1.2109 -1.0689 3.6716, -1.1734 -1.0689 3.7205, -1.545 -1.0689 4.0056, -1.4961 -1.0689 4.0432, -1.1417 -1.0689 3.8386, -1.1498 -1.0689 3.7774, -1.6061 -1.0689 3.8997, -1.5825 -1.0689 3.9567, -1.4391 -1.0689 4.0668, -1.378 -1.0689 4.0748, -1.3168 -1.0689 4.0668, -1.2598 -1.0689 3.634, -1.3168 -1.0689 3.6104, -1.378 -1.0689 3.6024, -1.4391 -1.0689 3.6104, -1.6061 -1.187 3.8997, -1.5825 -1.187 3.9567, -1.545 -1.187 4.0056, -1.4961 -1.187 4.0432, -1.4391 -1.187 4.0668, -1.378 -1.187 4.0748, -1.3168 -1.187 4.0668, -1.2598 -1.187 4.0432, -1.2109 -1.187 4.0056, -1.1734 -1.187 3.9567, -1.1498 -1.187 3.8997, -1.1417 -1.187 3.8386, -1.1498 -1.187 3.7774, -1.1734 -1.187 3.7205, -1.2109 -1.187 3.6716, -1.2598 -1.187 3.634, -1.3168 -1.187 3.6104, -1.378 -1.187 3.6024, -1.4391 -1.187 3.6104, -1.4961 -1.187 3.634, -1.545 -1.187 3.6716, -1.5825 -1.187 3.7205, -1.6061 -1.187 3.7774, -1.6142 -1.187 3.8386, -1.3098 -1.3445 3.7992, -1.3019 -1.3445 3.8182, -1.378 -1.3445 3.8386, -1.2992 -1.3445 3.8386, -1.3019 -1.3445 3.859, -1.3576 -1.3445 3.7625, -1.3386 -1.3445 3.7704, -1.3223 -1.3445 3.7829, -1.4173 -1.3445 3.7704, -1.3983 -1.3445 3.7625, -1.378 -1.3445 3.7598, -1.454 -1.3445 3.8182, -1.4461 -1.3445 3.7992, -1.4336 -1.3445 3.7829, -1.4461 -1.3445 3.878, -1.454 -1.3445 3.859, -1.4567 -1.3445 3.8386, -1.3983 -1.3445 3.9146, -1.4173 -1.3445 3.9068, -1.4336 -1.3445 3.8943, -1.3386 -1.3445 3.9068, -1.3576 -1.3445 3.9146, -1.378 -1.3445 3.9173, -1.3098 -1.3445 3.878, -1.3223 -1.3445 3.8943, -1.2625 -1.3391 3.8695, -1.2745 -1.3391 3.8983, -1.2935 -1.3391 3.9231, -1.3182 -1.3391 3.9421, -1.347 -1.3391 3.954, -1.378 -1.3391 3.9581, -1.4089 -1.3391 3.954, -1.4377 -1.3391 3.9421, -1.4625 -1.3391 3.9231, -1.4814 -1.3391 3.8983, -1.4934 -1.3391 3.8695, -1.4975 -1.3391 3.8386, -1.4934 -1.3391 3.8077, -1.4814 -1.3391 3.7788, -1.4625 -1.3391 3.7541, -1.4377 -1.3391 3.7351, -1.4089 -1.3391 3.7232, -1.378 -1.3391 3.7191, -1.347 -1.3391 3.7232, -1.3182 -1.3391 3.7351, -1.2935 -1.3391 3.7541, -1.2745 -1.3391 3.7788, -1.2625 -1.3391 3.8077, -1.2585 -1.3391 3.8386, -1.2258 -1.3234 3.8793, -1.2416 -1.3234 3.9173, -1.2666 -1.3234 3.9499, -1.2992 -1.3234 3.975, -1.3372 -1.3234 3.9907, -1.378 -1.3234 3.9961, -1.4187 -1.3234 3.9907, -1.4567 -1.3234 3.975, -1.4893 -1.3234 3.9499, -1.5143 -1.3234 3.9173, -1.5301 -1.3234 3.8793, -1.5354 -1.3234 3.8386, -1.5301 -1.3234 3.7978, -1.5143 -1.3234 3.7598, -1.4893 -1.3234 3.7272, -1.4567 -1.3234 3.7022, -1.4187 -1.3234 3.6865, -1.378 -1.3234 3.6811, -1.3372 -1.3234 3.6865, -1.2992 -1.3234 3.7022, -1.2666 -1.3234 3.7272, -1.2416 -1.3234 3.7598, -1.2258 -1.3234 3.7978, -1.2205 -1.3234 3.8386, -1.1943 -1.2984 3.8878, -1.2133 -1.2984 3.9336, -1.2435 -1.2984 3.973, -1.2829 -1.2984 4.0032, -1.3288 -1.2984 4.0222, -1.378 -1.2984 4.0287, -1.4272 -1.2984 4.0222, -1.473 -1.2984 4.0032, -1.5124 -1.2984 3.973, -1.5426 -1.2984 3.9336, -1.5616 -1.2984 3.8878, -1.568 -1.2984 3.8386, -1.5616 -1.2984 3.7894, -1.5426 -1.2984 3.7435, -1.5124 -1.2984 3.7042, -1.473 -1.2984 3.674, -1.4272 -1.2984 3.655, -1.378 -1.2984 3.6485, -1.3288 -1.2984 3.655, -1.2829 -1.2984 3.674, -1.2435 -1.2984 3.7042, -1.2133 -1.2984 3.7435, -1.1943 -1.2984 3.7894, -1.1879 -1.2984 3.8386, -1.1702 -1.2657 3.8943, -1.1917 -1.2657 3.9461, -1.2258 -1.2657 3.9907, -1.2704 -1.2657 4.0249, -1.3223 -1.2657 4.0464, -1.378 -1.2657 4.0537, -1.4336 -1.2657 4.0464, -1.4855 -1.2657 4.0249, -1.5301 -1.2657 3.9907, -1.5643 -1.2657 3.9461, -1.5857 -1.2657 3.8943, -1.5931 -1.2657 3.8386, -1.5857 -1.2657 3.7829, -1.5643 -1.2657 3.731, -1.5301 -1.2657 3.6865, -1.4855 -1.2657 3.6523, -1.4336 -1.2657 3.6308, -1.378 -1.2657 3.6235, -1.3223 -1.2657 3.6308, -1.2704 -1.2657 3.6523, -1.2258 -1.2657 3.6865, -1.1917 -1.2657 3.731, -1.1702 -1.2657 3.7829, -1.1628 -1.2657 3.8386, -1.155 -1.2278 3.8983, -1.178 -1.2278 3.954, -1.2147 -1.2278 4.0018, -1.2625 -1.2278 4.0385, -1.3182 -1.2278 4.0616, -1.378 -1.2278 4.0694, -1.4377 -1.2278 4.0616, -1.4934 -1.2278 4.0385, -1.5412 -1.2278 4.0018, -1.5779 -1.2278 3.954, -1.6009 -1.2278 3.8983, -1.6088 -1.2278 3.8386, -1.6009 -1.2278 3.7788, -1.5779 -1.2278 3.7232, -1.5412 -1.2278 3.6753, -1.4934 -1.2278 3.6387, -1.4377 -1.2278 3.6156, -1.378 -1.2278 3.6077, -1.3182 -1.2278 3.6156, -1.2625 -1.2278 3.6387, -1.2147 -1.2278 3.6753, -1.178 -1.2278 3.7232, -1.155 -1.2278 3.7788, -1.1471 -1.2278 3.8386, 0.8563 -1.0689 3.6526, 0.8465 -1.0689 3.7402, 0.8465 -1.3839 3.7402, 1.1479 -1.2264 3.3574, 1.1479 -1.3839 3.3574, 1.1526 -1.3839 3.3563, 0.8563 -1.3839 3.6526, 0.8605 -1.3839 3.636, 0.8605 -1.2264 3.636, 0.8854 -1.0689 3.5693, 0.8854 -1.2264 3.5693, 0.9323 -1.0689 3.4947, 0.9323 -1.2264 3.4947, 0.9947 -1.0689 3.4324, 0.9947 -1.2264 3.4324, 1.0693 -1.0689 3.3854, 1.0693 -1.2264 3.3854, 1.1526 -1.0689 3.3563, 1.2402 -1.0689 3.3465, 1.2402 -1.3839 3.3465, 0.8465 -1.0689 4.3701, 0.8465 -1.3839 4.3701, 1.8701 -1.0689 3.3465, 1.8701 -1.3839 3.3465, 1.1734 -1.0689 3.9567, 1.2109 -1.0689 4.0056, 1.5825 -1.0689 3.7205, 1.545 -1.0689 3.6716, 1.3168 -1.0689 3.6104, 1.2598 -1.0689 3.634, 1.4391 -1.0689 4.0668, 1.4961 -1.0689 4.0432, 1.545 -1.0689 4.0056, 1.5825 -1.0689 3.9567, 1.6061 -1.0689 3.8997, 1.6142 -1.0689 3.8386, 1.6061 -1.0689 3.7774, 1.4961 -1.0689 3.634, 1.4391 -1.0689 3.6104, 1.378 -1.0689 3.6024, 1.2109 -1.0689 3.6716, 1.1734 -1.0689 3.7205, 1.1498 -1.0689 3.7774, 1.1417 -1.0689 3.8386, 1.1498 -1.0689 3.8997, 1.2598 -1.0689 4.0432, 1.3168 -1.0689 4.0668, 1.378 -1.0689 4.0748, 1.1498 -1.187 3.8997, 1.1734 -1.187 3.9567, 1.2109 -1.187 4.0056, 1.2598 -1.187 4.0432, 1.3168 -1.187 4.0668, 1.378 -1.187 4.0748, 1.4391 -1.187 4.0668, 1.4961 -1.187 4.0432, 1.545 -1.187 4.0056, 1.5825 -1.187 3.9567, 1.6061 -1.187 3.8997, 1.6142 -1.187 3.8386, 1.6061 -1.187 3.7774, 1.5825 -1.187 3.7205, 1.545 -1.187 3.6716, 1.4961 -1.187 3.634, 1.4391 -1.187 3.6104, 1.378 -1.187 3.6024, 1.3168 -1.187 3.6104, 1.2598 -1.187 3.634, 1.2109 -1.187 3.6716, 1.1734 -1.187 3.7205, 1.1498 -1.187 3.7774, 1.1417 -1.187 3.8386, 1.4461 -1.3445 3.7992, 1.454 -1.3445 3.8182, 1.378 -1.3445 3.8386, 1.4567 -1.3445 3.8386, 1.454 -1.3445 3.859, 1.3983 -1.3445 3.7625, 1.4173 -1.3445 3.7704, 1.4336 -1.3445 3.7829, 1.3386 -1.3445 3.7704, 1.3576 -1.3445 3.7625, 1.378 -1.3445 3.7598, 1.3019 -1.3445 3.8182, 1.3098 -1.3445 3.7992, 1.3223 -1.3445 3.7829, 1.3098 -1.3445 3.878, 1.3019 -1.3445 3.859, 1.2992 -1.3445 3.8386, 1.3576 -1.3445 3.9146, 1.3386 -1.3445 3.9068, 1.3223 -1.3445 3.8943, 1.4173 -1.3445 3.9068, 1.3983 -1.3445 3.9146, 1.378 -1.3445 3.9173, 1.4461 -1.3445 3.878, 1.4336 -1.3445 3.8943, 1.4934 -1.3391 3.8695, 1.4814 -1.3391 3.8983, 1.4625 -1.3391 3.9231, 1.4377 -1.3391 3.9421, 1.4089 -1.3391 3.954, 1.378 -1.3391 3.9581, 1.347 -1.3391 3.954, 1.3182 -1.3391 3.9421, 1.2935 -1.3391 3.9231, 1.2745 -1.3391 3.8983, 1.2625 -1.3391 3.8695, 1.2585 -1.3391 3.8386, 1.2625 -1.3391 3.8077, 1.2745 -1.3391 3.7788, 1.2935 -1.3391 3.7541, 1.3182 -1.3391 3.7351, 1.347 -1.3391 3.7232, 1.378 -1.3391 3.7191, 1.4089 -1.3391 3.7232, 1.4377 -1.3391 3.7351, 1.4625 -1.3391 3.7541, 1.4814 -1.3391 3.7788, 1.4934 -1.3391 3.8077, 1.4975 -1.3391 3.8386, 1.5301 -1.3234 3.8793, 1.5143 -1.3234 3.9173, 1.4893 -1.3234 3.9499, 1.4567 -1.3234 3.975, 1.4187 -1.3234 3.9907, 1.378 -1.3234 3.9961, 1.3372 -1.3234 3.9907, 1.2992 -1.3234 3.975, 1.2666 -1.3234 3.9499, 1.2416 -1.3234 3.9173, 1.2258 -1.3234 3.8793, 1.2205 -1.3234 3.8386, 1.2258 -1.3234 3.7978, 1.2416 -1.3234 3.7598, 1.2666 -1.3234 3.7272, 1.2992 -1.3234 3.7022, 1.3372 -1.3234 3.6865, 1.378 -1.3234 3.6811, 1.4187 -1.3234 3.6865, 1.4567 -1.3234 3.7022, 1.4893 -1.3234 3.7272, 1.5143 -1.3234 3.7598, 1.5301 -1.3234 3.7978, 1.5354 -1.3234 3.8386, 1.5616 -1.2984 3.8878, 1.5426 -1.2984 3.9336, 1.5124 -1.2984 3.973, 1.473 -1.2984 4.0032, 1.4272 -1.2984 4.0222, 1.378 -1.2984 4.0287, 1.3288 -1.2984 4.0222, 1.2829 -1.2984 4.0032, 1.2435 -1.2984 3.973, 1.2133 -1.2984 3.9336, 1.1943 -1.2984 3.8878, 1.1879 -1.2984 3.8386, 1.1943 -1.2984 3.7894, 1.2133 -1.2984 3.7435, 1.2435 -1.2984 3.7042, 1.2829 -1.2984 3.674, 1.3288 -1.2984 3.655, 1.378 -1.2984 3.6485, 1.4272 -1.2984 3.655, 1.473 -1.2984 3.674, 1.5124 -1.2984 3.7042, 1.5426 -1.2984 3.7435, 1.5616 -1.2984 3.7894, 1.568 -1.2984 3.8386, 1.5857 -1.2657 3.8943, 1.5643 -1.2657 3.9461, 1.5301 -1.2657 3.9907, 1.4855 -1.2657 4.0249, 1.4336 -1.2657 4.0464, 1.378 -1.2657 4.0537, 1.3223 -1.2657 4.0464, 1.2704 -1.2657 4.0249, 1.2258 -1.2657 3.9907, 1.1917 -1.2657 3.9461, 1.1702 -1.2657 3.8943, 1.1628 -1.2657 3.8386, 1.1702 -1.2657 3.7829, 1.1917 -1.2657 3.731, 1.2258 -1.2657 3.6865, 1.2704 -1.2657 3.6523, 1.3223 -1.2657 3.6308, 1.378 -1.2657 3.6235, 1.4336 -1.2657 3.6308, 1.4855 -1.2657 3.6523, 1.5301 -1.2657 3.6865, 1.5643 -1.2657 3.731, 1.5857 -1.2657 3.7829, 1.5931 -1.2657 3.8386, 1.6009 -1.2278 3.8983, 1.5779 -1.2278 3.954, 1.5412 -1.2278 4.0018, 1.4934 -1.2278 4.0385, 1.4377 -1.2278 4.0616, 1.378 -1.2278 4.0694, 1.3182 -1.2278 4.0616, 1.2625 -1.2278 4.0385, 1.2147 -1.2278 4.0018, 1.178 -1.2278 3.954, 1.155 -1.2278 3.8983, 1.1471 -1.2278 3.8386, 1.155 -1.2278 3.7788, 1.178 -1.2278 3.7232, 1.2147 -1.2278 3.6753, 1.2625 -1.2278 3.6387, 1.3182 -1.2278 3.6156, 1.378 -1.2278 3.6077, 1.4377 -1.2278 3.6156, 1.4934 -1.2278 3.6387, 1.5412 -1.2278 3.6753, 1.5779 -1.2278 3.7232, 1.6009 -1.2278 3.7788, 1.6088 -1.2278 3.8386, 0.8465 -1.0689 0.0, 0.8465 -1.0689 0.6299, 0.8465 -1.3839 0.0, 0.8465 -1.3839 0.6299, 1.2402 -1.0689 1.0236, 1.2402 -1.3839 1.0236, 1.1526 -1.0689 1.0138, 1.1526 -1.3839 1.0138, 1.0693 -1.0689 0.9846, 1.0693 -1.3839 0.9846, 0.9947 -1.0689 0.9377, 0.9947 -1.3839 0.9377, 0.9323 -1.0689 0.8754, 0.9323 -1.3839 0.8754, 0.8854 -1.0689 0.8007, 0.8854 -1.3839 0.8007, 0.8563 -1.0689 0.7175, 0.8563 -1.3839 0.7175, 1.8701 -1.0689 1.0236, 1.8701 -1.3839 1.0236, 1.4391 -1.0689 0.3033, 1.378 -1.0689 0.2953, 1.2598 -1.0689 0.3269, 1.2109 -1.0689 0.3645, 1.4961 -1.0689 0.7361, 1.545 -1.0689 0.6985, 1.3168 -1.0689 0.3033, 1.545 -1.0689 0.3645, 1.4961 -1.0689 0.3269, 1.1734 -1.0689 0.4134, 1.1498 -1.0689 0.4704, 1.5825 -1.0689 0.6496, 1.6061 -1.0689 0.5926, 1.6142 -1.0689 0.5315, 1.6061 -1.0689 0.4704, 1.5825 -1.0689 0.4134, 1.2109 -1.0689 0.6985, 1.1734 -1.0689 0.6496, 1.1417 -1.0689 0.5315, 1.1498 -1.0689 0.5926, 1.2598 -1.0689 0.7361, 1.3168 -1.0689 0.7597, 1.378 -1.0689 0.7677, 1.4391 -1.0689 0.7597, 1.1498 -1.187 0.5926, 1.1734 -1.187 0.6496, 1.2109 -1.187 0.6985, 1.2598 -1.187 0.7361, 1.3168 -1.187 0.7597, 1.378 -1.187 0.7677, 1.4391 -1.187 0.7597, 1.4961 -1.187 0.7361, 1.545 -1.187 0.6985, 1.5825 -1.187 0.6496, 1.6061 -1.187 0.5926, 1.6142 -1.187 0.5315, 1.6061 -1.187 0.4704, 1.5825 -1.187 0.4134, 1.545 -1.187 0.3645, 1.4961 -1.187 0.3269, 1.4391 -1.187 0.3033, 1.378 -1.187 0.2953, 1.3168 -1.187 0.3033, 1.2598 -1.187 0.3269, 1.2109 -1.187 0.3645, 1.1734 -1.187 0.4134, 1.1498 -1.187 0.4704, 1.1417 -1.187 0.5315, 1.4461 -1.3445 0.4921, 1.454 -1.3445 0.5111, 1.378 -1.3445 0.5315, 1.4567 -1.3445 0.5315, 1.454 -1.3445 0.5519, 1.3983 -1.3445 0.4554, 1.4173 -1.3445 0.4633, 1.4336 -1.3445 0.4758, 1.3386 -1.3445 0.4633, 1.3576 -1.3445 0.4554, 1.378 -1.3445 0.4528, 1.3019 -1.3445 0.5111, 1.3098 -1.3445 0.4921, 1.3223 -1.3445 0.4758, 1.3098 -1.3445 0.5709, 1.3019 -1.3445 0.5519, 1.2992 -1.3445 0.5315, 1.3576 -1.3445 0.6076, 1.3386 -1.3445 0.5997, 1.3223 -1.3445 0.5872, 1.4173 -1.3445 0.5997, 1.3983 -1.3445 0.6076, 1.378 -1.3445 0.6102, 1.4461 -1.3445 0.5709, 1.4336 -1.3445 0.5872, 1.4934 -1.3391 0.5624, 1.4814 -1.3391 0.5912, 1.4625 -1.3391 0.616, 1.4377 -1.3391 0.635, 1.4089 -1.3391 0.6469, 1.378 -1.3391 0.651, 1.347 -1.3391 0.6469, 1.3182 -1.3391 0.635, 1.2935 -1.3391 0.616, 1.2745 -1.3391 0.5912, 1.2625 -1.3391 0.5624, 1.2585 -1.3391 0.5315, 1.2625 -1.3391 0.5006, 1.2745 -1.3391 0.4717, 1.2935 -1.3391 0.447, 1.3182 -1.3391 0.428, 1.347 -1.3391 0.4161, 1.378 -1.3391 0.412, 1.4089 -1.3391 0.4161, 1.4377 -1.3391 0.428, 1.4625 -1.3391 0.447, 1.4814 -1.3391 0.4717, 1.4934 -1.3391 0.5006, 1.4975 -1.3391 0.5315, 1.5301 -1.3234 0.5723, 1.5143 -1.3234 0.6102, 1.4893 -1.3234 0.6429, 1.4567 -1.3234 0.6679, 1.4187 -1.3234 0.6836, 1.378 -1.3234 0.689, 1.3372 -1.3234 0.6836, 1.2992 -1.3234 0.6679, 1.2666 -1.3234 0.6429, 1.2416 -1.3234 0.6102, 1.2258 -1.3234 0.5723, 1.2205 -1.3234 0.5315, 1.2258 -1.3234 0.4907, 1.2416 -1.3234 0.4528, 1.2666 -1.3234 0.4201, 1.2992 -1.3234 0.3951, 1.3372 -1.3234 0.3794, 1.378 -1.3234 0.374, 1.4187 -1.3234 0.3794, 1.4567 -1.3234 0.3951, 1.4893 -1.3234 0.4201, 1.5143 -1.3234 0.4528, 1.5301 -1.3234 0.4907, 1.5354 -1.3234 0.5315, 1.5616 -1.2984 0.5807, 1.5426 -1.2984 0.6265, 1.5124 -1.2984 0.6659, 1.473 -1.2984 0.6961, 1.4272 -1.2984 0.7151, 1.378 -1.2984 0.7216, 1.3288 -1.2984 0.7151, 1.2829 -1.2984 0.6961, 1.2435 -1.2984 0.6659, 1.2133 -1.2984 0.6265, 1.1943 -1.2984 0.5807, 1.1879 -1.2984 0.5315, 1.1943 -1.2984 0.4823, 1.2133 -1.2984 0.4365, 1.2435 -1.2984 0.3971, 1.2829 -1.2984 0.3669, 1.3288 -1.2984 0.3479, 1.378 -1.2984 0.3414, 1.4272 -1.2984 0.3479, 1.473 -1.2984 0.3669, 1.5124 -1.2984 0.3971, 1.5426 -1.2984 0.4365, 1.5616 -1.2984 0.4823, 1.568 -1.2984 0.5315, 1.5857 -1.2657 0.5872, 1.5643 -1.2657 0.6391, 1.5301 -1.2657 0.6836, 1.4855 -1.2657 0.7178, 1.4336 -1.2657 0.7393, 1.378 -1.2657 0.7466, 1.3223 -1.2657 0.7393, 1.2704 -1.2657 0.7178, 1.2258 -1.2657 0.6836, 1.1917 -1.2657 0.6391, 1.1702 -1.2657 0.5872, 1.1628 -1.2657 0.5315, 1.1702 -1.2657 0.4758, 1.1917 -1.2657 0.4239, 1.2258 -1.2657 0.3794, 1.2704 -1.2657 0.3452, 1.3223 -1.2657 0.3237, 1.378 -1.2657 0.3164, 1.4336 -1.2657 0.3237, 1.4855 -1.2657 0.3452, 1.5301 -1.2657 0.3794, 1.5643 -1.2657 0.4239, 1.5857 -1.2657 0.4758, 1.5931 -1.2657 0.5315, 1.6009 -1.2278 0.5912, 1.5779 -1.2278 0.6469, 1.5412 -1.2278 0.6947, 1.4934 -1.2278 0.7314, 1.4377 -1.2278 0.7545, 1.378 -1.2278 0.7624, 1.3182 -1.2278 0.7545, 1.2625 -1.2278 0.7314, 1.2147 -1.2278 0.6947, 1.178 -1.2278 0.6469, 1.155 -1.2278 0.5912, 1.1471 -1.2278 0.5315, 1.155 -1.2278 0.4717, 1.178 -1.2278 0.4161, 1.2147 -1.2278 0.3683, 1.2625 -1.2278 0.3316, 1.3182 -1.2278 0.3085, 1.378 -1.2278 0.3006, 1.4377 -1.2278 0.3085, 1.4934 -1.2278 0.3316, 1.5412 -1.2278 0.3683, 1.5779 -1.2278 0.4161, 1.6009 -1.2278 0.4717, 1.6088 -1.2278 0.5315, -0.8465 -1.0689 0.6299, -0.8465 -1.0689 0.0, -0.8465 -1.3839 0.6299, -0.8465 -1.3839 0.0, -1.8701 -1.0689 1.0236, -1.2402 -1.0689 1.0236, -1.8701 -1.3839 1.0236, -1.2402 -1.3839 1.0236, -0.8563 -1.0689 0.7175, -0.8563 -1.3839 0.7175, -0.8854 -1.0689 0.8007, -0.8854 -1.3839 0.8007, -0.9323 -1.0689 0.8754, -0.9323 -1.3839 0.8754, -0.9947 -1.0689 0.9377, -0.9947 -1.3839 0.9377, -1.0693 -1.0689 0.9846, -1.0693 -1.3839 0.9846, -1.1526 -1.0689 1.0138, -1.1526 -1.3839 1.0138, -1.2598 -1.0689 0.3269, -1.3168 -1.0689 0.3033, -1.5825 -1.0689 0.6496, -1.545 -1.0689 0.6985, -1.5825 -1.0689 0.4134, -1.6061 -1.0689 0.4704, -1.6142 -1.0689 0.5315, -1.6061 -1.0689 0.5926, -1.378 -1.0689 0.2953, -1.4391 -1.0689 0.3033, -1.4961 -1.0689 0.3269, -1.545 -1.0689 0.3645, -1.1498 -1.0689 0.4704, -1.1734 -1.0689 0.4134, -1.2109 -1.0689 0.3645, -1.4961 -1.0689 0.7361, -1.4391 -1.0689 0.7597, -1.1417 -1.0689 0.5315, -1.1498 -1.0689 0.5926, -1.1734 -1.0689 0.6496, -1.2109 -1.0689 0.6985, -1.2598 -1.0689 0.7361, -1.378 -1.0689 0.7677, -1.3168 -1.0689 0.7597, -1.6061 -1.187 0.5926, -1.5825 -1.187 0.6496, -1.545 -1.187 0.6985, -1.4961 -1.187 0.7361, -1.4391 -1.187 0.7597, -1.378 -1.187 0.7677, -1.3168 -1.187 0.7597, -1.2598 -1.187 0.7361, -1.2109 -1.187 0.6985, -1.1734 -1.187 0.6496, -1.1498 -1.187 0.5926, -1.1417 -1.187 0.5315, -1.1498 -1.187 0.4704, -1.1734 -1.187 0.4134, -1.2109 -1.187 0.3645, -1.2598 -1.187 0.3269, -1.3168 -1.187 0.3033, -1.378 -1.187 0.2953, -1.4391 -1.187 0.3033, -1.4961 -1.187 0.3269, -1.545 -1.187 0.3645, -1.5825 -1.187 0.4134, -1.6061 -1.187 0.4704, -1.6142 -1.187 0.5315, -1.3098 -1.3445 0.4921, -1.3019 -1.3445 0.5111, -1.378 -1.3445 0.5315, -1.2992 -1.3445 0.5315, -1.3019 -1.3445 0.5519, -1.3576 -1.3445 0.4554, -1.3386 -1.3445 0.4633, -1.3223 -1.3445 0.4758, -1.4173 -1.3445 0.4633, -1.3983 -1.3445 0.4554, -1.378 -1.3445 0.4528, -1.454 -1.3445 0.5111, -1.4461 -1.3445 0.4921, -1.4336 -1.3445 0.4758, -1.4461 -1.3445 0.5709, -1.454 -1.3445 0.5519, -1.4567 -1.3445 0.5315, -1.3983 -1.3445 0.6076, -1.4173 -1.3445 0.5997, -1.4336 -1.3445 0.5872, -1.3386 -1.3445 0.5997, -1.3576 -1.3445 0.6076, -1.378 -1.3445 0.6102, -1.3098 -1.3445 0.5709, -1.3223 -1.3445 0.5872, -1.2625 -1.3391 0.5624, -1.2745 -1.3391 0.5912, -1.2935 -1.3391 0.616, -1.3182 -1.3391 0.635, -1.347 -1.3391 0.6469, -1.378 -1.3391 0.651, -1.4089 -1.3391 0.6469, -1.4377 -1.3391 0.635, -1.4625 -1.3391 0.616, -1.4814 -1.3391 0.5912, -1.4934 -1.3391 0.5624, -1.4975 -1.3391 0.5315, -1.4934 -1.3391 0.5006, -1.4814 -1.3391 0.4717, -1.4625 -1.3391 0.447, -1.4377 -1.3391 0.428, -1.4089 -1.3391 0.4161, -1.378 -1.3391 0.412, -1.347 -1.3391 0.4161, -1.3182 -1.3391 0.428, -1.2935 -1.3391 0.447, -1.2745 -1.3391 0.4717, -1.2625 -1.3391 0.5006, -1.2585 -1.3391 0.5315, -1.2258 -1.3234 0.5723, -1.2416 -1.3234 0.6102, -1.2666 -1.3234 0.6429, -1.2992 -1.3234 0.6679, -1.3372 -1.3234 0.6836, -1.378 -1.3234 0.689, -1.4187 -1.3234 0.6836, -1.4567 -1.3234 0.6679, -1.4893 -1.3234 0.6429, -1.5143 -1.3234 0.6102, -1.5301 -1.3234 0.5723, -1.5354 -1.3234 0.5315, -1.5301 -1.3234 0.4907, -1.5143 -1.3234 0.4528, -1.4893 -1.3234 0.4201, -1.4567 -1.3234 0.3951, -1.4187 -1.3234 0.3794, -1.378 -1.3234 0.374, -1.3372 -1.3234 0.3794, -1.2992 -1.3234 0.3951, -1.2666 -1.3234 0.4201, -1.2416 -1.3234 0.4528, -1.2258 -1.3234 0.4907, -1.2205 -1.3234 0.5315, -1.1943 -1.2984 0.5807, -1.2133 -1.2984 0.6265, -1.2435 -1.2984 0.6659, -1.2829 -1.2984 0.6961, -1.3288 -1.2984 0.7151, -1.378 -1.2984 0.7216, -1.4272 -1.2984 0.7151, -1.473 -1.2984 0.6961, -1.5124 -1.2984 0.6659, -1.5426 -1.2984 0.6265, -1.5616 -1.2984 0.5807, -1.568 -1.2984 0.5315, -1.5616 -1.2984 0.4823, -1.5426 -1.2984 0.4365, -1.5124 -1.2984 0.3971, -1.473 -1.2984 0.3669, -1.4272 -1.2984 0.3479, -1.378 -1.2984 0.3414, -1.3288 -1.2984 0.3479, -1.2829 -1.2984 0.3669, -1.2435 -1.2984 0.3971, -1.2133 -1.2984 0.4365, -1.1943 -1.2984 0.4823, -1.1879 -1.2984 0.5315, -1.1702 -1.2657 0.5872, -1.1917 -1.2657 0.6391, -1.2258 -1.2657 0.6836, -1.2704 -1.2657 0.7178, -1.3223 -1.2657 0.7393, -1.378 -1.2657 0.7466, -1.4336 -1.2657 0.7393, -1.4855 -1.2657 0.7178, -1.5301 -1.2657 0.6836, -1.5643 -1.2657 0.6391, -1.5857 -1.2657 0.5872, -1.5931 -1.2657 0.5315, -1.5857 -1.2657 0.4758, -1.5643 -1.2657 0.4239, -1.5301 -1.2657 0.3794, -1.4855 -1.2657 0.3452, -1.4336 -1.2657 0.3237, -1.378 -1.2657 0.3164, -1.3223 -1.2657 0.3237, -1.2704 -1.2657 0.3452, -1.2258 -1.2657 0.3794, -1.1917 -1.2657 0.4239, -1.1702 -1.2657 0.4758, -1.1628 -1.2657 0.5315, -1.155 -1.2278 0.5912, -1.178 -1.2278 0.6469, -1.2147 -1.2278 0.6947, -1.2625 -1.2278 0.7314, -1.3182 -1.2278 0.7545, -1.378 -1.2278 0.7624, -1.4377 -1.2278 0.7545, -1.4934 -1.2278 0.7314, -1.5412 -1.2278 0.6947, -1.5779 -1.2278 0.6469, -1.6009 -1.2278 0.5912, -1.6088 -1.2278 0.5315, -1.6009 -1.2278 0.4717, -1.5779 -1.2278 0.4161, -1.5412 -1.2278 0.3683, -1.4934 -1.2278 0.3316, -1.4377 -1.2278 0.3085, -1.378 -1.2278 0.3006, -1.3182 -1.2278 0.3085, -1.2625 -1.2278 0.3316, -1.2147 -1.2278 0.3683, -1.178 -1.2278 0.4161, -1.155 -1.2278 0.4717, -1.1471 -1.2278 0.5315, 0.5968 -0.1945 0.0, 1.6339 -0.1945 0.0, 1.6339 -0.3938 0.0, 0.2773 0.624 0.0, 0.5968 0.624 0.0, 0.5968 -0.139 0.0, 1.2008 0.624 0.0, 1.2008 0.7421 0.0, 1.6339 0.7421 0.0, 0.1224 -0.3607 0.0, 0.1224 -0.3823 0.0, 0.1032 -0.3938 0.0, 0.1434 -0.391 0.0, 0.1514 -0.1945 0.0, 0.1452 -0.1949 0.0, 0.1032 -0.1945 0.0, 0.1224 -0.2011 0.0, 0.1224 -0.2275 0.0, 0.1446 -0.218 0.0, 0.126 -0.3627 0.0, 0.1685 -0.2149 0.0, 0.1879 -0.2171 0.0, 0.2026 -0.2224 0.0, 0.2163 -0.2315 0.0, 0.2282 -0.2446 0.0, 0.2425 -0.2962 0.0, 0.2405 -0.3175 0.0, 0.2351 -0.3345 0.0, 0.1913 -0.3713 0.0, 0.173 -0.3733 0.0, 0.2057 -0.366 0.0, 0.2177 -0.3579 0.0, 0.227 -0.3481 0.0, 0.1468 -0.3704 0.0, 0.2363 -0.2598 0.0, 0.2415 -0.2809 0.0, 0.1688 -0.1933 0.0, 0.1032 -0.139 0.0, 0.1835 -0.1945 0.0, 0.2773 -0.139 0.0, 0.2585 -0.2475 0.0, 0.2469 -0.2291 0.0, 0.2773 -0.1945 0.0, 0.2199 -0.3859 0.0, 0.2358 -0.3758 0.0, 0.2773 -0.3938 0.0, 0.2506 -0.3602 0.0, 0.261 -0.3415 0.0, 0.2292 -0.2121 0.0, 0.2105 -0.2013 0.0, 0.1885 -0.1949 0.0, 0.267 -0.3206 0.0, 0.2689 -0.2978 0.0, 0.266 -0.2699 0.0, 0.1633 -0.3938 0.0, 0.1712 -0.3949 0.0, 0.1032 -0.7146 0.0, 0.2773 -0.7146 0.0, 0.1766 -0.395 0.0, 0.1882 -0.3938 0.0, 0.2009 -0.3924 0.0, 1.1614 0.0728 0.0, 0.8071 0.0728 0.0, 0.8071 -0.0846 0.0, 1.1614 -0.0846 0.0, 1.6339 -0.139 0.0, -0.2257 0.624 0.0, -0.2257 -0.139 0.0, -0.6088 0.624 0.0, -0.6088 -0.139 0.0, -0.8071 -0.0846 0.0, -1.1614 -0.0846 0.0, -1.3976 -0.139 0.0, -1.1614 0.0728 0.0, -1.2008 0.624 0.0, -0.8071 0.0728 0.0, 0.1772 0.0728 0.0, 0.1032 0.624 0.0, 0.1032 0.0728 0.0, -0.0408 0.624 0.0, -0.0408 0.0728 0.0, -0.1772 0.0728 0.0, -0.1772 -0.0846 0.0, -0.0408 -0.139 0.0, -0.0408 -0.0846 0.0, 0.1032 -0.0846 0.0, 0.1772 -0.0846 0.0, 0.5968 -0.3938 0.0, 0.5968 -0.7146 0.0, 0.2857 -0.3709 0.0, 0.2857 -0.3925 0.0, 0.3865 -0.3925 0.0, 0.3601 -0.3709 0.0, 0.3601 -0.1957 0.0, 0.3865 -0.1957 0.0, -0.0408 -0.3938 0.0, -0.0408 -0.1945 0.0, -0.0216 -0.3709 0.0, 0.084 -0.3925 0.0, 0.084 -0.1957 0.0, -0.0168 -0.1957 0.0, -0.0168 -0.2173 0.0, -0.0216 -0.3925 0.0, 0.0576 -0.3037 0.0, 0.0576 -0.3709 0.0, -0.012 -0.3037 0.0, -0.012 -0.2821 0.0, 0.0576 -0.2821 0.0, 0.0576 -0.2173 0.0, -0.144 -0.1987 0.0, -0.2257 -0.1945 0.0, -0.1156 -0.1957 0.0, -0.1973 -0.3562 0.0, -0.1811 -0.3717 0.0, -0.2257 -0.3938 0.0, -0.1606 -0.3837 0.0, -0.167 -0.2068 0.0, -0.1885 -0.2212 0.0, -0.1887 -0.2214 0.0, -0.2185 -0.2916 0.0, -0.2157 -0.318 0.0, -0.2086 -0.3386 0.0, -0.2026 -0.2368 0.0, -0.2117 -0.2537 0.0, -0.217 -0.2731 0.0, -0.1379 -0.3904 0.0, -0.1135 -0.3925 0.0, -0.06 -0.3925 0.0, -0.06 -0.1957 0.0, -0.3817 -0.3925 0.0, -0.3618 -0.3373 0.0, -0.2805 -0.3373 0.0, -0.2617 -0.3925 0.0, -0.2329 -0.3925 0.0, -0.4105 -0.3925 0.0, -0.6088 -0.3938 0.0, -0.3337 -0.1957 0.0, -1.2008 0.7421 0.0, -1.3976 0.7421 0.0, -1.6339 0.7421 0.0, -1.6339 -0.139 0.0, -0.6088 -0.1945 0.0, -1.3976 -0.1945 0.0, -1.6339 -0.1945 0.0, -0.3073 -0.1957 0.0, -1.3976 -0.3938 0.0, -1.6339 -0.3938 0.0, -0.0408 -0.7146 0.0, -0.2257 -0.7146 0.0, -0.6088 -0.7146 0.0, -1.3976 -0.7146 0.0, 1.6732 0.624 3.7008, 1.8701 0.624 3.7008, 1.8701 0.624 0.6693, -1.2008 0.624 0.1969, -1.2008 0.624 4.3701, 1.2008 0.624 4.3701, -1.2008 0.624 4.1732, 1.2008 0.624 4.1732, -1.8701 0.624 0.6693, -1.8701 0.624 3.7008, -1.6732 0.624 0.6693, -1.6732 0.624 3.7008, 1.6732 0.624 0.6693, -1.6732 0.624 4.1339, -1.6719 0.624 4.1441, 1.6732 0.624 4.1339, 1.6339 0.624 4.1732, 1.2008 0.624 0.1969, -1.668 0.624 4.1535, -1.6617 0.624 4.1617, -1.6535 0.624 4.168, -1.644 0.624 4.1719, -1.6339 0.624 4.1732, 1.6339 0.624 0.1969, -1.6339 0.624 0.1969, -1.6732 0.624 0.2362, 1.6732 0.624 0.2362, 1.6719 0.624 0.226, 1.668 0.624 0.2165, 1.6617 0.624 0.2084, 1.6535 0.624 0.2021, 1.644 0.624 0.1982, -1.6617 0.624 0.2084, -1.6535 0.624 0.2021, -1.644 0.624 0.1982, -1.668 0.624 0.2165, -1.6719 0.624 0.226, 1.6617 0.624 4.1617, 1.6535 0.624 4.168, 1.644 0.624 4.1719, 1.668 0.624 4.1535, 1.6719 0.624 4.1441, 1.8701 0.7421 0.2362, 1.8701 0.7421 0.6693, 1.8701 0.7421 3.7008, 1.8701 0.7421 4.1339, -1.8701 0.7421 4.1339, -1.8701 0.7421 3.7008, -1.8701 0.7421 0.6693, -1.8701 0.7421 0.2362, 1.6339 0.7421 4.3701, 1.2008 0.7421 4.3701, -1.2008 0.7421 4.3701, -1.6339 0.7421 4.3701, 1.695 0.7421 4.362, 1.752 0.7421 4.3384, 1.8009 0.7421 4.3009, 1.8384 0.7421 4.252, 1.862 0.7421 4.195, 1.862 0.7421 0.1751, 1.8384 0.7421 0.1181, 1.8009 0.7421 0.0692, 1.752 0.7421 0.0317, 1.695 0.7421 0.0081, -1.695 0.7421 0.0081, -1.752 0.7421 0.0317, -1.8009 0.7421 0.0692, -1.8384 0.7421 0.1181, -1.862 0.7421 0.1751, -1.862 0.7421 4.195, -1.8384 0.7421 4.252, -1.8009 0.7421 4.3009, -1.752 0.7421 4.3384, -1.695 0.7421 4.362, 1.6732 0.7421 4.1339, 1.6719 0.7421 4.1441, 1.668 0.7421 4.1535, 1.6617 0.7421 4.1617, 1.6535 0.7421 4.168, 1.644 0.7421 4.1719, 1.6339 0.7421 4.1732, 1.2008 0.7421 4.1732, 1.6732 0.7421 3.7008, -1.6339 0.7421 4.1732, -1.644 0.7421 4.1719, -1.6535 0.7421 4.168, -1.6617 0.7421 4.1617, -1.668 0.7421 4.1535, -1.6719 0.7421 4.1441, -1.6732 0.7421 4.1339, -1.6732 0.7421 3.7008, -1.2008 0.7421 4.1732, -1.6732 0.7421 0.2362, -1.6719 0.7421 0.226, -1.668 0.7421 0.2165, -1.6617 0.7421 0.2084, -1.6535 0.7421 0.2021, -1.644 0.7421 0.1982, -1.6339 0.7421 0.1969, -1.2008 0.7421 0.1969, -1.6732 0.7421 0.6693, 1.6339 0.7421 0.1969, 1.644 0.7421 0.1982, 1.6535 0.7421 0.2021, 1.6617 0.7421 0.2084, 1.668 0.7421 0.2165, 1.6719 0.7421 0.226, 1.6732 0.7421 0.2362, 1.6732 0.7421 0.6693, 1.2008 0.7421 0.1969
            ]
        }
        coordIndex [
            0,1,2,-1,2,1,3,-1,2,3,4,-1,4,3,5,-1,4,5,6,-1,6,5,7,-1,6,7,8,-1,8,7,9,-1,8,9,10,-1,10,9,11,-1,10,11,12,-1,12,11,13,-1,12,13,14,-1,14,13,15,-1,14,15,16,-1,16,15,17,-1,16,17,18,-1,18,17,19,-1,18,19,20,-1,20,19,21,-1,20,21,22,-1,22,21,23,-1,22,23,24,-1,24,23,25,-1,24,25,26,-1,26,25,27,-1,26,27,28,-1,28,27,29,-1,28,29,30,-1,30,29,31,-1,30,31,32,-1,32,31,33,-1,32,33,34,-1,34,33,35,-1,34,35,36,-1,36,35,37,-1,36,37,38,-1,38,37,39,-1,38,39,40,-1,40,39,41,-1,40,41,42,-1,42,41,43,-1,42,43,44,-1,44,43,45,-1,44,45,46,-1,46,45,47,-1,46,47,48,-1,48,47,49,-1,48,49,50,-1,50,49,51,-1,50,51,52,-1,52,51,53,-1,52,53,54,-1,54,53,55,-1,54,55,56,-1,56,55,57,-1,56,57,58,-1,58,57,59,-1,58,59,60,-1,59,61,60,-1,60,61,62,-1,60,62,63,-1,63,62,64,-1,63,64,0,-1,0,64,65,-1,0,65,1,-1,66,67,68,-1,69,70,71,-1,72,73,74,-1,75,76,77,-1,78,79,80,-1,81,82,83,-1,84,85,86,-1,87,88,89,-1,90,91,92,-1,93,94,95,-1,96,97,98,-1,99,100,101,-1,102,103,104,-1,105,106,107,-1,108,109,110,-1,111,112,113,-1,114,115,116,-1,117,118,119,-1,120,121,122,-1,123,124,125,-1,126,127,128,-1,129,130,131,-1,132,133,134,-1,134,133,135,-1,134,135,136,-1,136,135,137,-1,136,137,138,-1,138,137,139,-1,138,139,140,-1,140,139,141,-1,140,141,142,-1,142,141,131,-1,143,144,145,-1,145,144,146,-1,145,146,147,-1,147,146,148,-1,147,148,149,-1,149,148,150,-1,149,150,151,-1,151,150,152,-1,151,152,153,-1,153,152,128,-1,154,155,156,-1,156,155,157,-1,156,157,158,-1,158,157,159,-1,158,159,160,-1,160,159,161,-1,160,161,162,-1,162,161,163,-1,162,163,164,-1,164,163,122,-1,165,166,167,-1,167,166,168,-1,167,168,169,-1,169,168,170,-1,169,170,171,-1,171,170,172,-1,171,172,173,-1,173,172,174,-1,173,174,175,-1,175,174,119,-1,176,177,178,-1,178,177,179,-1,178,179,180,-1,180,179,181,-1,180,181,182,-1,182,181,183,-1,182,183,184,-1,184,183,185,-1,184,185,186,-1,186,185,113,-1,187,188,189,-1,189,188,190,-1,189,190,191,-1,191,190,192,-1,191,192,193,-1,193,192,194,-1,193,194,195,-1,195,194,196,-1,195,196,197,-1,197,196,110,-1,198,199,200,-1,200,199,201,-1,200,201,202,-1,202,201,203,-1,202,203,204,-1,204,203,205,-1,204,205,206,-1,206,205,207,-1,206,207,208,-1,208,207,104,-1,209,210,211,-1,211,210,212,-1,211,212,213,-1,213,212,214,-1,213,214,215,-1,215,214,216,-1,215,216,217,-1,217,216,218,-1,217,218,219,-1,219,218,98,-1,220,221,222,-1,222,221,223,-1,222,223,224,-1,224,223,225,-1,224,225,226,-1,226,225,227,-1,226,227,228,-1,228,227,229,-1,228,229,230,-1,230,229,95,-1,231,232,233,-1,233,232,234,-1,233,234,235,-1,235,234,236,-1,235,236,237,-1,237,236,238,-1,237,238,239,-1,239,238,240,-1,239,240,241,-1,241,240,89,-1,242,243,244,-1,244,243,245,-1,244,245,246,-1,246,245,247,-1,246,247,248,-1,248,247,249,-1,248,249,250,-1,250,249,251,-1,250,251,252,-1,252,251,86,-1,253,254,255,-1,255,254,256,-1,255,256,257,-1,257,256,258,-1,257,258,259,-1,259,258,260,-1,259,260,261,-1,261,260,262,-1,261,262,263,-1,263,262,80,-1,264,265,266,-1,266,265,267,-1,266,267,268,-1,268,267,269,-1,268,269,270,-1,270,269,271,-1,270,271,272,-1,272,271,273,-1,272,273,274,-1,274,273,77,-1,275,276,277,-1,277,276,278,-1,277,278,279,-1,279,278,280,-1,279,280,281,-1,281,280,282,-1,281,282,283,-1,283,282,284,-1,283,284,285,-1,285,284,71,-1,286,287,288,-1,288,287,289,-1,288,289,290,-1,290,289,291,-1,290,291,292,-1,292,291,293,-1,292,293,294,-1,294,293,295,-1,294,295,296,-1,296,295,68,-1,297,132,298,-1,298,132,134,-1,298,134,299,-1,299,134,136,-1,299,136,300,-1,300,136,138,-1,300,138,301,-1,301,138,140,-1,301,140,302,-1,302,140,142,-1,302,142,303,-1,303,142,304,-1,131,130,142,-1,142,130,305,-1,142,305,304,-1,306,129,307,-1,307,129,131,-1,307,131,308,-1,308,131,141,-1,308,141,309,-1,309,141,139,-1,309,139,310,-1,310,139,137,-1,310,137,311,-1,311,137,135,-1,311,135,312,-1,312,135,133,-1,312,143,311,-1,311,143,145,-1,311,145,310,-1,310,145,147,-1,310,147,309,-1,309,147,149,-1,309,149,308,-1,308,149,151,-1,308,151,307,-1,307,151,153,-1,307,153,306,-1,306,153,313,-1,128,127,153,-1,153,127,314,-1,153,314,313,-1,124,126,125,-1,125,126,128,-1,125,128,315,-1,315,128,152,-1,315,152,316,-1,316,152,150,-1,316,150,317,-1,317,150,148,-1,317,148,318,-1,318,148,146,-1,318,146,319,-1,319,146,144,-1,320,123,321,-1,321,123,125,-1,321,125,322,-1,322,125,315,-1,322,315,323,-1,323,315,316,-1,323,316,324,-1,324,316,317,-1,324,317,325,-1,325,317,318,-1,325,318,326,-1,326,318,319,-1,326,154,325,-1,325,154,156,-1,325,156,324,-1,324,156,158,-1,324,158,323,-1,323,158,160,-1,323,160,322,-1,322,160,162,-1,322,162,321,-1,321,162,164,-1,321,164,320,-1,320,164,327,-1,122,121,164,-1,164,121,328,-1,164,328,327,-1,329,120,330,-1,330,120,122,-1,330,122,331,-1,331,122,163,-1,331,163,332,-1,332,163,161,-1,332,161,333,-1,333,161,159,-1,333,159,334,-1,334,159,157,-1,334,157,335,-1,335,157,155,-1,335,165,334,-1,334,165,167,-1,334,167,333,-1,333,167,169,-1,333,169,332,-1,332,169,171,-1,332,171,331,-1,331,171,173,-1,331,173,330,-1,330,173,175,-1,330,175,329,-1,329,175,336,-1,119,118,175,-1,175,118,337,-1,175,337,336,-1,115,117,116,-1,116,117,119,-1,116,119,338,-1,338,119,174,-1,338,174,339,-1,339,174,172,-1,339,172,340,-1,340,172,170,-1,340,170,341,-1,341,170,168,-1,341,168,342,-1,342,168,166,-1,343,114,344,-1,344,114,116,-1,344,116,345,-1,345,116,338,-1,345,338,346,-1,346,338,339,-1,346,339,347,-1,347,339,340,-1,347,340,348,-1,348,340,341,-1,348,341,349,-1,349,341,342,-1,349,176,348,-1,348,176,178,-1,348,178,347,-1,347,178,180,-1,347,180,346,-1,346,180,182,-1,346,182,345,-1,345,182,184,-1,345,184,344,-1,344,184,186,-1,344,186,343,-1,343,186,350,-1,113,112,186,-1,186,112,351,-1,186,351,350,-1,352,111,353,-1,353,111,113,-1,353,113,354,-1,354,113,185,-1,354,185,355,-1,355,185,183,-1,355,183,356,-1,356,183,181,-1,356,181,357,-1,357,181,179,-1,357,179,358,-1,358,179,177,-1,358,187,357,-1,357,187,189,-1,357,189,356,-1,356,189,191,-1,356,191,355,-1,355,191,193,-1,355,193,354,-1,354,193,195,-1,354,195,353,-1,353,195,197,-1,353,197,352,-1,352,197,359,-1,110,109,197,-1,197,109,360,-1,197,360,359,-1,106,108,107,-1,107,108,110,-1,107,110,361,-1,361,110,196,-1,361,196,362,-1,362,196,194,-1,362,194,363,-1,363,194,192,-1,363,192,364,-1,364,192,190,-1,364,190,365,-1,365,190,188,-1,366,105,367,-1,367,105,107,-1,367,107,368,-1,368,107,361,-1,368,361,369,-1,369,361,362,-1,369,362,370,-1,370,362,363,-1,370,363,371,-1,371,363,364,-1,371,364,372,-1,372,364,365,-1,372,198,371,-1,371,198,200,-1,371,200,370,-1,370,200,202,-1,370,202,369,-1,369,202,204,-1,369,204,368,-1,368,204,206,-1,368,206,367,-1,367,206,208,-1,367,208,366,-1,366,208,373,-1,104,103,208,-1,208,103,374,-1,208,374,373,-1,375,102,376,-1,376,102,104,-1,376,104,377,-1,377,104,207,-1,377,207,378,-1,378,207,205,-1,378,205,379,-1,379,205,203,-1,379,203,380,-1,380,203,201,-1,380,201,381,-1,381,201,199,-1,381,382,380,-1,380,382,383,-1,380,383,379,-1,379,383,384,-1,379,384,378,-1,378,384,385,-1,378,385,377,-1,377,385,386,-1,377,386,376,-1,376,386,101,-1,376,101,375,-1,375,101,100,-1,387,99,219,-1,219,99,101,-1,219,101,217,-1,217,101,386,-1,217,386,215,-1,215,386,385,-1,215,385,213,-1,213,385,384,-1,213,384,211,-1,211,384,383,-1,211,383,209,-1,209,383,382,-1,98,97,219,-1,219,97,388,-1,219,388,387,-1,389,96,390,-1,390,96,98,-1,390,98,391,-1,391,98,218,-1,391,218,392,-1,392,218,216,-1,392,216,393,-1,393,216,214,-1,393,214,394,-1,394,214,212,-1,394,212,395,-1,395,212,210,-1,395,220,394,-1,394,220,222,-1,394,222,393,-1,393,222,224,-1,393,224,392,-1,392,224,226,-1,392,226,391,-1,391,226,228,-1,391,228,390,-1,390,228,230,-1,390,230,389,-1,389,230,396,-1,95,94,230,-1,230,94,397,-1,230,397,396,-1,398,93,399,-1,399,93,95,-1,399,95,400,-1,400,95,229,-1,400,229,401,-1,401,229,227,-1,401,227,402,-1,402,227,225,-1,402,225,403,-1,403,225,223,-1,403,223,404,-1,404,223,221,-1,404,405,403,-1,403,405,406,-1,403,406,402,-1,402,406,407,-1,402,407,401,-1,401,407,408,-1,401,408,400,-1,400,408,409,-1,400,409,399,-1,399,409,92,-1,399,92,398,-1,398,92,91,-1,410,90,241,-1,241,90,92,-1,241,92,239,-1,239,92,409,-1,239,409,237,-1,237,409,408,-1,237,408,235,-1,235,408,407,-1,235,407,233,-1,233,407,406,-1,233,406,231,-1,231,406,405,-1,89,88,241,-1,241,88,411,-1,241,411,410,-1,412,87,413,-1,413,87,89,-1,413,89,414,-1,414,89,240,-1,414,240,415,-1,415,240,238,-1,415,238,416,-1,416,238,236,-1,416,236,417,-1,417,236,234,-1,417,234,418,-1,418,234,232,-1,418,242,417,-1,417,242,244,-1,417,244,416,-1,416,244,246,-1,416,246,415,-1,415,246,248,-1,415,248,414,-1,414,248,250,-1,414,250,413,-1,413,250,252,-1,413,252,412,-1,412,252,419,-1,86,85,252,-1,252,85,420,-1,252,420,419,-1,421,84,422,-1,422,84,86,-1,422,86,423,-1,423,86,251,-1,423,251,424,-1,424,251,249,-1,424,249,425,-1,425,249,247,-1,425,247,426,-1,426,247,245,-1,426,245,427,-1,427,245,243,-1,427,428,426,-1,426,428,429,-1,426,429,425,-1,425,429,430,-1,425,430,424,-1,424,430,431,-1,424,431,423,-1,423,431,432,-1,423,432,422,-1,422,432,83,-1,422,83,421,-1,421,83,82,-1,433,81,263,-1,263,81,83,-1,263,83,261,-1,261,83,432,-1,261,432,259,-1,259,432,431,-1,259,431,257,-1,257,431,430,-1,257,430,255,-1,255,430,429,-1,255,429,253,-1,253,429,428,-1,80,79,263,-1,263,79,434,-1,263,434,433,-1,435,78,436,-1,436,78,80,-1,436,80,437,-1,437,80,262,-1,437,262,438,-1,438,262,260,-1,438,260,439,-1,439,260,258,-1,439,258,440,-1,440,258,256,-1,440,256,441,-1,441,256,254,-1,441,264,440,-1,440,264,266,-1,440,266,439,-1,439,266,268,-1,439,268,438,-1,438,268,270,-1,438,270,437,-1,437,270,272,-1,437,272,436,-1,436,272,274,-1,436,274,435,-1,435,274,442,-1,77,76,274,-1,274,76,443,-1,274,443,442,-1,444,75,445,-1,445,75,77,-1,445,77,446,-1,446,77,273,-1,446,273,447,-1,447,273,271,-1,447,271,448,-1,448,271,269,-1,448,269,449,-1,449,269,267,-1,449,267,450,-1,450,267,265,-1,450,451,449,-1,449,451,452,-1,449,452,448,-1,448,452,453,-1,448,453,447,-1,447,453,454,-1,447,454,446,-1,446,454,455,-1,446,455,445,-1,445,455,74,-1,445,74,444,-1,444,74,73,-1,456,72,285,-1,285,72,74,-1,285,74,283,-1,283,74,455,-1,283,455,281,-1,281,455,454,-1,281,454,279,-1,279,454,453,-1,279,453,277,-1,277,453,452,-1,277,452,275,-1,275,452,451,-1,71,70,285,-1,285,70,457,-1,285,457,456,-1,458,69,459,-1,459,69,71,-1,459,71,460,-1,460,71,284,-1,460,284,461,-1,461,284,282,-1,461,282,462,-1,462,282,280,-1,462,280,463,-1,463,280,278,-1,463,278,464,-1,464,278,276,-1,464,286,463,-1,463,286,288,-1,463,288,462,-1,462,288,290,-1,462,290,461,-1,461,290,292,-1,461,292,460,-1,460,292,294,-1,460,294,459,-1,459,294,296,-1,459,296,458,-1,458,296,465,-1,68,67,296,-1,296,67,466,-1,296,466,465,-1,467,66,468,-1,468,66,68,-1,468,68,469,-1,469,68,295,-1,469,295,470,-1,470,295,293,-1,470,293,471,-1,471,293,291,-1,471,291,472,-1,472,291,289,-1,472,289,473,-1,473,289,287,-1,473,297,472,-1,472,297,298,-1,472,298,471,-1,471,298,299,-1,471,299,470,-1,470,299,300,-1,470,300,469,-1,469,300,301,-1,469,301,468,-1,468,301,302,-1,468,302,467,-1,467,302,303,-1,474,475,476,-1,476,477,474,-1,474,477,478,-1,474,478,479,-1,478,480,479,-1,479,480,481,-1,479,481,482,-1,481,483,482,-1,482,483,484,-1,482,484,485,-1,484,486,485,-1,485,486,487,-1,485,487,488,-1,487,489,488,-1,488,489,490,-1,488,490,491,-1,491,490,492,-1,492,493,491,-1,491,493,494,-1,491,494,495,-1,494,496,495,-1,495,496,497,-1,495,497,498,-1,497,499,498,-1,498,499,500,-1,498,500,501,-1,500,502,501,-1,501,502,503,-1,501,503,504,-1,503,505,504,-1,504,505,506,-1,504,506,507,-1,506,508,507,-1,507,508,509,-1,507,509,510,-1,509,511,510,-1,510,511,512,-1,510,512,513,-1,512,514,513,-1,513,514,515,-1,513,515,516,-1,515,517,516,-1,516,517,518,-1,516,518,519,-1,519,518,520,-1,519,520,521,-1,521,520,522,-1,521,522,523,-1,522,524,523,-1,523,524,525,-1,523,525,526,-1,525,527,526,-1,526,527,528,-1,526,528,529,-1,528,530,529,-1,529,530,531,-1,529,531,532,-1,531,533,532,-1,532,533,534,-1,532,534,535,-1,534,536,535,-1,535,536,537,-1,535,537,538,-1,537,539,538,-1,538,539,540,-1,538,540,541,-1,540,542,541,-1,541,542,543,-1,541,543,544,-1,543,545,544,-1,544,545,546,-1,544,546,547,-1,546,548,547,-1,547,548,549,-1,547,549,550,-1,549,551,550,-1,550,551,552,-1,550,552,553,-1,552,554,553,-1,553,554,555,-1,553,555,556,-1,555,557,556,-1,556,557,558,-1,556,558,559,-1,558,560,559,-1,559,560,561,-1,559,561,562,-1,561,563,562,-1,562,563,564,-1,562,564,565,-1,564,566,565,-1,565,566,567,-1,565,567,568,-1,567,569,568,-1,568,569,570,-1,568,570,571,-1,571,570,572,-1,571,572,475,-1,475,572,573,-1,475,573,476,-1,574,575,576,-1,574,576,577,-1,577,576,578,-1,577,578,579,-1,579,578,580,-1,579,580,581,-1,581,580,582,-1,581,582,583,-1,583,582,584,-1,583,584,585,-1,585,584,586,-1,585,586,587,-1,588,589,590,-1,588,590,591,-1,591,590,592,-1,591,592,593,-1,593,592,594,-1,593,594,595,-1,595,594,596,-1,595,596,597,-1,597,596,598,-1,597,598,599,-1,599,598,600,-1,599,600,601,-1,602,603,604,-1,602,604,605,-1,605,604,606,-1,605,606,607,-1,607,606,608,-1,607,608,609,-1,609,608,610,-1,609,610,611,-1,611,610,612,-1,611,612,613,-1,613,612,614,-1,613,614,615,-1,616,617,618,-1,616,618,619,-1,619,618,620,-1,619,620,621,-1,621,620,622,-1,621,622,623,-1,623,622,624,-1,623,624,625,-1,625,624,626,-1,625,626,627,-1,627,626,628,-1,627,628,629,-1,630,631,632,-1,633,634,635,-1,636,637,638,-1,632,636,630,-1,630,636,638,-1,630,638,639,-1,639,638,640,-1,639,640,641,-1,641,640,642,-1,641,642,643,-1,643,642,644,-1,643,644,645,-1,645,644,646,-1,645,646,647,-1,646,633,647,-1,647,633,635,-1,647,635,648,-1,648,635,649,-1,650,648,651,-1,651,648,649,-1,631,652,632,-1,632,652,653,-1,652,654,655,-1,655,656,652,-1,652,656,657,-1,652,657,629,-1,629,657,658,-1,659,660,650,-1,660,661,650,-1,650,661,662,-1,650,662,648,-1,641,643,663,-1,663,643,664,-1,623,665,621,-1,621,665,666,-1,621,666,619,-1,619,666,616,-1,662,667,648,-1,648,667,668,-1,648,668,647,-1,647,668,664,-1,647,664,645,-1,645,664,643,-1,658,669,629,-1,629,669,670,-1,629,670,627,-1,627,670,665,-1,627,665,625,-1,625,665,623,-1,666,671,616,-1,616,671,672,-1,616,672,650,-1,650,672,673,-1,650,673,659,-1,641,663,639,-1,639,663,674,-1,639,674,630,-1,630,674,675,-1,630,675,631,-1,631,675,676,-1,631,676,652,-1,652,676,677,-1,652,677,654,-1,658,678,669,-1,669,678,679,-1,669,679,670,-1,670,679,680,-1,670,680,665,-1,665,680,681,-1,665,681,666,-1,666,681,682,-1,666,682,671,-1,671,682,683,-1,671,683,672,-1,672,683,684,-1,672,684,673,-1,673,684,685,-1,673,685,659,-1,659,685,686,-1,659,686,660,-1,660,686,687,-1,660,687,661,-1,661,687,688,-1,661,688,662,-1,662,688,689,-1,662,689,667,-1,667,689,690,-1,667,690,668,-1,668,690,691,-1,668,691,664,-1,664,691,692,-1,664,692,663,-1,663,692,693,-1,663,693,674,-1,674,693,694,-1,674,694,675,-1,675,694,695,-1,675,695,676,-1,676,695,696,-1,676,696,677,-1,677,696,697,-1,677,697,654,-1,654,697,698,-1,654,698,655,-1,655,698,699,-1,655,699,656,-1,656,699,700,-1,656,700,657,-1,657,700,701,-1,657,701,658,-1,658,701,678,-1,702,703,704,-1,704,703,705,-1,704,705,706,-1,707,708,704,-1,704,708,709,-1,704,709,702,-1,710,711,704,-1,704,711,712,-1,704,712,707,-1,713,714,704,-1,704,714,715,-1,704,715,710,-1,716,717,704,-1,704,717,718,-1,704,718,713,-1,719,720,704,-1,704,720,721,-1,704,721,716,-1,722,723,704,-1,704,723,724,-1,704,724,719,-1,706,725,704,-1,704,725,726,-1,704,726,722,-1,705,727,706,-1,706,727,728,-1,706,728,725,-1,725,728,729,-1,725,729,726,-1,726,729,730,-1,726,730,722,-1,722,730,731,-1,722,731,723,-1,723,731,732,-1,723,732,724,-1,724,732,733,-1,724,733,719,-1,719,733,734,-1,719,734,720,-1,720,734,735,-1,720,735,721,-1,721,735,736,-1,721,736,716,-1,716,736,737,-1,716,737,717,-1,717,737,738,-1,717,738,718,-1,718,738,739,-1,718,739,713,-1,713,739,740,-1,713,740,714,-1,714,740,741,-1,714,741,715,-1,715,741,742,-1,715,742,710,-1,710,742,743,-1,710,743,711,-1,711,743,744,-1,711,744,712,-1,712,744,745,-1,712,745,707,-1,707,745,746,-1,707,746,708,-1,708,746,747,-1,708,747,709,-1,709,747,748,-1,709,748,702,-1,702,748,749,-1,702,749,703,-1,703,749,750,-1,703,750,705,-1,705,750,727,-1,750,751,727,-1,727,751,752,-1,727,752,728,-1,728,752,753,-1,728,753,729,-1,729,753,754,-1,729,754,730,-1,730,754,755,-1,730,755,731,-1,731,755,756,-1,731,756,732,-1,732,756,757,-1,732,757,733,-1,733,757,758,-1,733,758,734,-1,734,758,759,-1,734,759,735,-1,735,759,760,-1,735,760,736,-1,736,760,761,-1,736,761,737,-1,737,761,762,-1,737,762,738,-1,738,762,763,-1,738,763,739,-1,739,763,764,-1,739,764,740,-1,740,764,765,-1,740,765,741,-1,741,765,766,-1,741,766,742,-1,742,766,767,-1,742,767,743,-1,743,767,768,-1,743,768,744,-1,744,768,769,-1,744,769,745,-1,745,769,770,-1,745,770,746,-1,746,770,771,-1,746,771,747,-1,747,771,772,-1,747,772,748,-1,748,772,773,-1,748,773,749,-1,749,773,774,-1,749,774,750,-1,750,774,751,-1,774,775,751,-1,751,775,776,-1,751,776,752,-1,752,776,777,-1,752,777,753,-1,753,777,778,-1,753,778,754,-1,754,778,779,-1,754,779,755,-1,755,779,780,-1,755,780,756,-1,756,780,781,-1,756,781,757,-1,757,781,782,-1,757,782,758,-1,758,782,783,-1,758,783,759,-1,759,783,784,-1,759,784,760,-1,760,784,785,-1,760,785,761,-1,761,785,786,-1,761,786,762,-1,762,786,787,-1,762,787,763,-1,763,787,788,-1,763,788,764,-1,764,788,789,-1,764,789,765,-1,765,789,790,-1,765,790,766,-1,766,790,791,-1,766,791,767,-1,767,791,792,-1,767,792,768,-1,768,792,793,-1,768,793,769,-1,769,793,794,-1,769,794,770,-1,770,794,795,-1,770,795,771,-1,771,795,796,-1,771,796,772,-1,772,796,797,-1,772,797,773,-1,773,797,798,-1,773,798,774,-1,774,798,775,-1,798,799,775,-1,775,799,800,-1,775,800,776,-1,776,800,801,-1,776,801,777,-1,777,801,802,-1,777,802,778,-1,778,802,803,-1,778,803,779,-1,779,803,804,-1,779,804,780,-1,780,804,805,-1,780,805,781,-1,781,805,806,-1,781,806,782,-1,782,806,807,-1,782,807,783,-1,783,807,808,-1,783,808,784,-1,784,808,809,-1,784,809,785,-1,785,809,810,-1,785,810,786,-1,786,810,811,-1,786,811,787,-1,787,811,812,-1,787,812,788,-1,788,812,813,-1,788,813,789,-1,789,813,814,-1,789,814,790,-1,790,814,815,-1,790,815,791,-1,791,815,816,-1,791,816,792,-1,792,816,817,-1,792,817,793,-1,793,817,818,-1,793,818,794,-1,794,818,819,-1,794,819,795,-1,795,819,820,-1,795,820,796,-1,796,820,821,-1,796,821,797,-1,797,821,822,-1,797,822,798,-1,798,822,799,-1,822,823,799,-1,799,823,824,-1,799,824,800,-1,800,824,825,-1,800,825,801,-1,801,825,826,-1,801,826,802,-1,802,826,827,-1,802,827,803,-1,803,827,828,-1,803,828,804,-1,804,828,829,-1,804,829,805,-1,805,829,830,-1,805,830,806,-1,806,830,831,-1,806,831,807,-1,807,831,832,-1,807,832,808,-1,808,832,833,-1,808,833,809,-1,809,833,834,-1,809,834,810,-1,810,834,835,-1,810,835,811,-1,811,835,836,-1,811,836,812,-1,812,836,837,-1,812,837,813,-1,813,837,838,-1,813,838,814,-1,814,838,839,-1,814,839,815,-1,815,839,840,-1,815,840,816,-1,816,840,841,-1,816,841,817,-1,817,841,842,-1,817,842,818,-1,818,842,843,-1,818,843,819,-1,819,843,844,-1,819,844,820,-1,820,844,845,-1,820,845,821,-1,821,845,846,-1,821,846,822,-1,822,846,823,-1,846,688,823,-1,823,688,687,-1,823,687,824,-1,824,687,686,-1,824,686,825,-1,825,686,685,-1,825,685,826,-1,826,685,684,-1,826,684,827,-1,827,684,683,-1,827,683,828,-1,828,683,682,-1,828,682,829,-1,829,682,681,-1,829,681,830,-1,830,681,680,-1,830,680,831,-1,831,680,679,-1,831,679,832,-1,832,679,678,-1,832,678,833,-1,833,678,701,-1,833,701,834,-1,834,701,700,-1,834,700,835,-1,835,700,699,-1,835,699,836,-1,836,699,698,-1,836,698,837,-1,837,698,697,-1,837,697,838,-1,838,697,696,-1,838,696,839,-1,839,696,695,-1,839,695,840,-1,840,695,694,-1,840,694,841,-1,841,694,693,-1,841,693,842,-1,842,693,692,-1,842,692,843,-1,843,692,691,-1,843,691,844,-1,844,691,690,-1,844,690,845,-1,845,690,689,-1,845,689,846,-1,846,689,688,-1,847,848,849,-1,850,851,852,-1,853,854,855,-1,849,853,847,-1,847,853,855,-1,847,855,856,-1,856,855,857,-1,856,857,858,-1,858,857,859,-1,858,859,860,-1,860,859,861,-1,860,861,862,-1,862,861,863,-1,862,863,864,-1,863,850,864,-1,864,850,852,-1,864,852,865,-1,865,852,866,-1,848,867,849,-1,849,867,868,-1,869,865,870,-1,870,865,866,-1,871,872,867,-1,869,873,874,-1,865,875,864,-1,864,875,876,-1,864,876,862,-1,587,877,585,-1,585,877,878,-1,585,878,583,-1,583,878,879,-1,583,879,581,-1,581,879,579,-1,579,879,577,-1,577,879,880,-1,577,880,574,-1,880,881,574,-1,574,881,882,-1,574,882,869,-1,869,882,883,-1,869,883,873,-1,874,884,869,-1,869,884,885,-1,869,885,865,-1,865,885,886,-1,865,886,875,-1,862,876,860,-1,860,876,887,-1,860,887,858,-1,858,887,888,-1,858,888,856,-1,856,888,847,-1,847,888,889,-1,847,889,848,-1,848,889,890,-1,848,890,867,-1,867,890,891,-1,867,891,871,-1,872,892,867,-1,867,892,893,-1,867,893,587,-1,587,893,894,-1,587,894,877,-1,890,895,891,-1,891,895,896,-1,891,896,871,-1,871,896,897,-1,871,897,872,-1,872,897,898,-1,872,898,892,-1,892,898,899,-1,892,899,893,-1,893,899,900,-1,893,900,894,-1,894,900,901,-1,894,901,877,-1,877,901,902,-1,877,902,878,-1,878,902,903,-1,878,903,879,-1,879,903,904,-1,879,904,880,-1,880,904,905,-1,880,905,881,-1,881,905,906,-1,881,906,882,-1,882,906,907,-1,882,907,883,-1,883,907,908,-1,883,908,873,-1,873,908,909,-1,873,909,874,-1,874,909,910,-1,874,910,884,-1,884,910,911,-1,884,911,885,-1,885,911,912,-1,885,912,886,-1,886,912,913,-1,886,913,875,-1,875,913,914,-1,875,914,876,-1,876,914,915,-1,876,915,887,-1,887,915,916,-1,887,916,888,-1,888,916,917,-1,888,917,889,-1,889,917,918,-1,889,918,890,-1,890,918,895,-1,919,920,921,-1,921,920,922,-1,921,922,923,-1,924,925,921,-1,921,925,926,-1,921,926,919,-1,927,928,921,-1,921,928,929,-1,921,929,924,-1,930,931,921,-1,921,931,932,-1,921,932,927,-1,933,934,921,-1,921,934,935,-1,921,935,930,-1,936,937,921,-1,921,937,938,-1,921,938,933,-1,939,940,921,-1,921,940,941,-1,921,941,936,-1,923,942,921,-1,921,942,943,-1,921,943,939,-1,922,944,923,-1,923,944,945,-1,923,945,942,-1,942,945,946,-1,942,946,943,-1,943,946,947,-1,943,947,939,-1,939,947,948,-1,939,948,940,-1,940,948,949,-1,940,949,941,-1,941,949,950,-1,941,950,936,-1,936,950,951,-1,936,951,937,-1,937,951,952,-1,937,952,938,-1,938,952,953,-1,938,953,933,-1,933,953,954,-1,933,954,934,-1,934,954,955,-1,934,955,935,-1,935,955,956,-1,935,956,930,-1,930,956,957,-1,930,957,931,-1,931,957,958,-1,931,958,932,-1,932,958,959,-1,932,959,927,-1,927,959,960,-1,927,960,928,-1,928,960,961,-1,928,961,929,-1,929,961,962,-1,929,962,924,-1,924,962,963,-1,924,963,925,-1,925,963,964,-1,925,964,926,-1,926,964,965,-1,926,965,919,-1,919,965,966,-1,919,966,920,-1,920,966,967,-1,920,967,922,-1,922,967,944,-1,967,968,944,-1,944,968,969,-1,944,969,945,-1,945,969,970,-1,945,970,946,-1,946,970,971,-1,946,971,947,-1,947,971,972,-1,947,972,948,-1,948,972,973,-1,948,973,949,-1,949,973,974,-1,949,974,950,-1,950,974,975,-1,950,975,951,-1,951,975,976,-1,951,976,952,-1,952,976,977,-1,952,977,953,-1,953,977,978,-1,953,978,954,-1,954,978,979,-1,954,979,955,-1,955,979,980,-1,955,980,956,-1,956,980,981,-1,956,981,957,-1,957,981,982,-1,957,982,958,-1,958,982,983,-1,958,983,959,-1,959,983,984,-1,959,984,960,-1,960,984,985,-1,960,985,961,-1,961,985,986,-1,961,986,962,-1,962,986,987,-1,962,987,963,-1,963,987,988,-1,963,988,964,-1,964,988,989,-1,964,989,965,-1,965,989,990,-1,965,990,966,-1,966,990,991,-1,966,991,967,-1,967,991,968,-1,991,992,968,-1,968,992,993,-1,968,993,969,-1,969,993,994,-1,969,994,970,-1,970,994,995,-1,970,995,971,-1,971,995,996,-1,971,996,972,-1,972,996,997,-1,972,997,973,-1,973,997,998,-1,973,998,974,-1,974,998,999,-1,974,999,975,-1,975,999,1000,-1,975,1000,976,-1,976,1000,1001,-1,976,1001,977,-1,977,1001,1002,-1,977,1002,978,-1,978,1002,1003,-1,978,1003,979,-1,979,1003,1004,-1,979,1004,980,-1,980,1004,1005,-1,980,1005,981,-1,981,1005,1006,-1,981,1006,982,-1,982,1006,1007,-1,982,1007,983,-1,983,1007,1008,-1,983,1008,984,-1,984,1008,1009,-1,984,1009,985,-1,985,1009,1010,-1,985,1010,986,-1,986,1010,1011,-1,986,1011,987,-1,987,1011,1012,-1,987,1012,988,-1,988,1012,1013,-1,988,1013,989,-1,989,1013,1014,-1,989,1014,990,-1,990,1014,1015,-1,990,1015,991,-1,991,1015,992,-1,1015,1016,992,-1,992,1016,1017,-1,992,1017,993,-1,993,1017,1018,-1,993,1018,994,-1,994,1018,1019,-1,994,1019,995,-1,995,1019,1020,-1,995,1020,996,-1,996,1020,1021,-1,996,1021,997,-1,997,1021,1022,-1,997,1022,998,-1,998,1022,1023,-1,998,1023,999,-1,999,1023,1024,-1,999,1024,1000,-1,1000,1024,1025,-1,1000,1025,1001,-1,1001,1025,1026,-1,1001,1026,1002,-1,1002,1026,1027,-1,1002,1027,1003,-1,1003,1027,1028,-1,1003,1028,1004,-1,1004,1028,1029,-1,1004,1029,1005,-1,1005,1029,1030,-1,1005,1030,1006,-1,1006,1030,1031,-1,1006,1031,1007,-1,1007,1031,1032,-1,1007,1032,1008,-1,1008,1032,1033,-1,1008,1033,1009,-1,1009,1033,1034,-1,1009,1034,1010,-1,1010,1034,1035,-1,1010,1035,1011,-1,1011,1035,1036,-1,1011,1036,1012,-1,1012,1036,1037,-1,1012,1037,1013,-1,1013,1037,1038,-1,1013,1038,1014,-1,1014,1038,1039,-1,1014,1039,1015,-1,1015,1039,1016,-1,1039,1040,1016,-1,1016,1040,1041,-1,1016,1041,1017,-1,1017,1041,1042,-1,1017,1042,1018,-1,1018,1042,1043,-1,1018,1043,1019,-1,1019,1043,1044,-1,1019,1044,1020,-1,1020,1044,1045,-1,1020,1045,1021,-1,1021,1045,1046,-1,1021,1046,1022,-1,1022,1046,1047,-1,1022,1047,1023,-1,1023,1047,1048,-1,1023,1048,1024,-1,1024,1048,1049,-1,1024,1049,1025,-1,1025,1049,1050,-1,1025,1050,1026,-1,1026,1050,1051,-1,1026,1051,1027,-1,1027,1051,1052,-1,1027,1052,1028,-1,1028,1052,1053,-1,1028,1053,1029,-1,1029,1053,1054,-1,1029,1054,1030,-1,1030,1054,1055,-1,1030,1055,1031,-1,1031,1055,1056,-1,1031,1056,1032,-1,1032,1056,1057,-1,1032,1057,1033,-1,1033,1057,1058,-1,1033,1058,1034,-1,1034,1058,1059,-1,1034,1059,1035,-1,1035,1059,1060,-1,1035,1060,1036,-1,1036,1060,1061,-1,1036,1061,1037,-1,1037,1061,1062,-1,1037,1062,1038,-1,1038,1062,1063,-1,1038,1063,1039,-1,1039,1063,1040,-1,1063,905,1040,-1,1040,905,904,-1,1040,904,1041,-1,1041,904,903,-1,1041,903,1042,-1,1042,903,902,-1,1042,902,1043,-1,1043,902,901,-1,1043,901,1044,-1,1044,901,900,-1,1044,900,1045,-1,1045,900,899,-1,1045,899,1046,-1,1046,899,898,-1,1046,898,1047,-1,1047,898,897,-1,1047,897,1048,-1,1048,897,896,-1,1048,896,1049,-1,1049,896,895,-1,1049,895,1050,-1,1050,895,918,-1,1050,918,1051,-1,1051,918,917,-1,1051,917,1052,-1,1052,917,916,-1,1052,916,1053,-1,1053,916,915,-1,1053,915,1054,-1,1054,915,914,-1,1054,914,1055,-1,1055,914,913,-1,1055,913,1056,-1,1056,913,912,-1,1056,912,1057,-1,1057,912,911,-1,1057,911,1058,-1,1058,911,910,-1,1058,910,1059,-1,1059,910,909,-1,1059,909,1060,-1,1060,909,908,-1,1060,908,1061,-1,1061,908,907,-1,1061,907,1062,-1,1062,907,906,-1,1062,906,1063,-1,1063,906,905,-1,1064,1065,1066,-1,1066,1065,1067,-1,1068,1069,1070,-1,1070,1069,1071,-1,1070,1071,1072,-1,1072,1071,1073,-1,1072,1073,1074,-1,1074,1073,1075,-1,1074,1075,1076,-1,1076,1075,1077,-1,1076,1077,1078,-1,1078,1077,1079,-1,1078,1079,1080,-1,1080,1079,1081,-1,1080,1081,1065,-1,1065,1081,1067,-1,1068,1082,1069,-1,1069,1082,1083,-1,1084,1085,588,-1,1086,1087,1064,-1,1088,1089,1082,-1,588,1085,1064,-1,1064,1085,1090,-1,1064,1090,1086,-1,595,1091,593,-1,593,1091,1092,-1,1084,588,1092,-1,1092,588,591,-1,1092,591,593,-1,1087,1093,1064,-1,1064,1093,1094,-1,1064,1094,1065,-1,1089,1095,1082,-1,1082,1095,1096,-1,1082,1096,601,-1,601,1096,1097,-1,1097,1098,601,-1,601,1098,1099,-1,601,1099,599,-1,599,1099,1091,-1,599,1091,597,-1,597,1091,595,-1,1074,1076,1100,-1,1100,1076,1101,-1,1094,1102,1065,-1,1065,1102,1103,-1,1065,1103,1080,-1,1080,1103,1101,-1,1080,1101,1078,-1,1078,1101,1076,-1,1074,1100,1072,-1,1072,1100,1104,-1,1072,1104,1070,-1,1070,1104,1105,-1,1070,1105,1068,-1,1068,1105,1106,-1,1068,1106,1082,-1,1082,1106,1107,-1,1082,1107,1088,-1,1102,1108,1103,-1,1103,1108,1109,-1,1103,1109,1101,-1,1101,1109,1110,-1,1101,1110,1100,-1,1100,1110,1111,-1,1100,1111,1104,-1,1104,1111,1112,-1,1104,1112,1105,-1,1105,1112,1113,-1,1105,1113,1106,-1,1106,1113,1114,-1,1106,1114,1107,-1,1107,1114,1115,-1,1107,1115,1088,-1,1088,1115,1116,-1,1088,1116,1089,-1,1089,1116,1117,-1,1089,1117,1095,-1,1095,1117,1118,-1,1095,1118,1096,-1,1096,1118,1119,-1,1096,1119,1097,-1,1097,1119,1120,-1,1097,1120,1098,-1,1098,1120,1121,-1,1098,1121,1099,-1,1099,1121,1122,-1,1099,1122,1091,-1,1091,1122,1123,-1,1091,1123,1092,-1,1092,1123,1124,-1,1092,1124,1084,-1,1084,1124,1125,-1,1084,1125,1085,-1,1085,1125,1126,-1,1085,1126,1090,-1,1090,1126,1127,-1,1090,1127,1086,-1,1086,1127,1128,-1,1086,1128,1087,-1,1087,1128,1129,-1,1087,1129,1093,-1,1093,1129,1130,-1,1093,1130,1094,-1,1094,1130,1131,-1,1094,1131,1102,-1,1102,1131,1108,-1,1132,1133,1134,-1,1134,1133,1135,-1,1134,1135,1136,-1,1137,1138,1134,-1,1134,1138,1139,-1,1134,1139,1132,-1,1140,1141,1134,-1,1134,1141,1142,-1,1134,1142,1137,-1,1143,1144,1134,-1,1134,1144,1145,-1,1134,1145,1140,-1,1146,1147,1134,-1,1134,1147,1148,-1,1134,1148,1143,-1,1149,1150,1134,-1,1134,1150,1151,-1,1134,1151,1146,-1,1152,1153,1134,-1,1134,1153,1154,-1,1134,1154,1149,-1,1136,1155,1134,-1,1134,1155,1156,-1,1134,1156,1152,-1,1135,1157,1136,-1,1136,1157,1158,-1,1136,1158,1155,-1,1155,1158,1159,-1,1155,1159,1156,-1,1156,1159,1160,-1,1156,1160,1152,-1,1152,1160,1161,-1,1152,1161,1153,-1,1153,1161,1162,-1,1153,1162,1154,-1,1154,1162,1163,-1,1154,1163,1149,-1,1149,1163,1164,-1,1149,1164,1150,-1,1150,1164,1165,-1,1150,1165,1151,-1,1151,1165,1166,-1,1151,1166,1146,-1,1146,1166,1167,-1,1146,1167,1147,-1,1147,1167,1168,-1,1147,1168,1148,-1,1148,1168,1169,-1,1148,1169,1143,-1,1143,1169,1170,-1,1143,1170,1144,-1,1144,1170,1171,-1,1144,1171,1145,-1,1145,1171,1172,-1,1145,1172,1140,-1,1140,1172,1173,-1,1140,1173,1141,-1,1141,1173,1174,-1,1141,1174,1142,-1,1142,1174,1175,-1,1142,1175,1137,-1,1137,1175,1176,-1,1137,1176,1138,-1,1138,1176,1177,-1,1138,1177,1139,-1,1139,1177,1178,-1,1139,1178,1132,-1,1132,1178,1179,-1,1132,1179,1133,-1,1133,1179,1180,-1,1133,1180,1135,-1,1135,1180,1157,-1,1180,1181,1157,-1,1157,1181,1182,-1,1157,1182,1158,-1,1158,1182,1183,-1,1158,1183,1159,-1,1159,1183,1184,-1,1159,1184,1160,-1,1160,1184,1185,-1,1160,1185,1161,-1,1161,1185,1186,-1,1161,1186,1162,-1,1162,1186,1187,-1,1162,1187,1163,-1,1163,1187,1188,-1,1163,1188,1164,-1,1164,1188,1189,-1,1164,1189,1165,-1,1165,1189,1190,-1,1165,1190,1166,-1,1166,1190,1191,-1,1166,1191,1167,-1,1167,1191,1192,-1,1167,1192,1168,-1,1168,1192,1193,-1,1168,1193,1169,-1,1169,1193,1194,-1,1169,1194,1170,-1,1170,1194,1195,-1,1170,1195,1171,-1,1171,1195,1196,-1,1171,1196,1172,-1,1172,1196,1197,-1,1172,1197,1173,-1,1173,1197,1198,-1,1173,1198,1174,-1,1174,1198,1199,-1,1174,1199,1175,-1,1175,1199,1200,-1,1175,1200,1176,-1,1176,1200,1201,-1,1176,1201,1177,-1,1177,1201,1202,-1,1177,1202,1178,-1,1178,1202,1203,-1,1178,1203,1179,-1,1179,1203,1204,-1,1179,1204,1180,-1,1180,1204,1181,-1,1204,1205,1181,-1,1181,1205,1206,-1,1181,1206,1182,-1,1182,1206,1207,-1,1182,1207,1183,-1,1183,1207,1208,-1,1183,1208,1184,-1,1184,1208,1209,-1,1184,1209,1185,-1,1185,1209,1210,-1,1185,1210,1186,-1,1186,1210,1211,-1,1186,1211,1187,-1,1187,1211,1212,-1,1187,1212,1188,-1,1188,1212,1213,-1,1188,1213,1189,-1,1189,1213,1214,-1,1189,1214,1190,-1,1190,1214,1215,-1,1190,1215,1191,-1,1191,1215,1216,-1,1191,1216,1192,-1,1192,1216,1217,-1,1192,1217,1193,-1,1193,1217,1218,-1,1193,1218,1194,-1,1194,1218,1219,-1,1194,1219,1195,-1,1195,1219,1220,-1,1195,1220,1196,-1,1196,1220,1221,-1,1196,1221,1197,-1,1197,1221,1222,-1,1197,1222,1198,-1,1198,1222,1223,-1,1198,1223,1199,-1,1199,1223,1224,-1,1199,1224,1200,-1,1200,1224,1225,-1,1200,1225,1201,-1,1201,1225,1226,-1,1201,1226,1202,-1,1202,1226,1227,-1,1202,1227,1203,-1,1203,1227,1228,-1,1203,1228,1204,-1,1204,1228,1205,-1,1228,1229,1205,-1,1205,1229,1230,-1,1205,1230,1206,-1,1206,1230,1231,-1,1206,1231,1207,-1,1207,1231,1232,-1,1207,1232,1208,-1,1208,1232,1233,-1,1208,1233,1209,-1,1209,1233,1234,-1,1209,1234,1210,-1,1210,1234,1235,-1,1210,1235,1211,-1,1211,1235,1236,-1,1211,1236,1212,-1,1212,1236,1237,-1,1212,1237,1213,-1,1213,1237,1238,-1,1213,1238,1214,-1,1214,1238,1239,-1,1214,1239,1215,-1,1215,1239,1240,-1,1215,1240,1216,-1,1216,1240,1241,-1,1216,1241,1217,-1,1217,1241,1242,-1,1217,1242,1218,-1,1218,1242,1243,-1,1218,1243,1219,-1,1219,1243,1244,-1,1219,1244,1220,-1,1220,1244,1245,-1,1220,1245,1221,-1,1221,1245,1246,-1,1221,1246,1222,-1,1222,1246,1247,-1,1222,1247,1223,-1,1223,1247,1248,-1,1223,1248,1224,-1,1224,1248,1249,-1,1224,1249,1225,-1,1225,1249,1250,-1,1225,1250,1226,-1,1226,1250,1251,-1,1226,1251,1227,-1,1227,1251,1252,-1,1227,1252,1228,-1,1228,1252,1229,-1,1252,1253,1229,-1,1229,1253,1254,-1,1229,1254,1230,-1,1230,1254,1255,-1,1230,1255,1231,-1,1231,1255,1256,-1,1231,1256,1232,-1,1232,1256,1257,-1,1232,1257,1233,-1,1233,1257,1258,-1,1233,1258,1234,-1,1234,1258,1259,-1,1234,1259,1235,-1,1235,1259,1260,-1,1235,1260,1236,-1,1236,1260,1261,-1,1236,1261,1237,-1,1237,1261,1262,-1,1237,1262,1238,-1,1238,1262,1263,-1,1238,1263,1239,-1,1239,1263,1264,-1,1239,1264,1240,-1,1240,1264,1265,-1,1240,1265,1241,-1,1241,1265,1266,-1,1241,1266,1242,-1,1242,1266,1267,-1,1242,1267,1243,-1,1243,1267,1268,-1,1243,1268,1244,-1,1244,1268,1269,-1,1244,1269,1245,-1,1245,1269,1270,-1,1245,1270,1246,-1,1246,1270,1271,-1,1246,1271,1247,-1,1247,1271,1272,-1,1247,1272,1248,-1,1248,1272,1273,-1,1248,1273,1249,-1,1249,1273,1274,-1,1249,1274,1250,-1,1250,1274,1275,-1,1250,1275,1251,-1,1251,1275,1276,-1,1251,1276,1252,-1,1252,1276,1253,-1,1276,1118,1253,-1,1253,1118,1117,-1,1253,1117,1254,-1,1254,1117,1116,-1,1254,1116,1255,-1,1255,1116,1115,-1,1255,1115,1256,-1,1256,1115,1114,-1,1256,1114,1257,-1,1257,1114,1113,-1,1257,1113,1258,-1,1258,1113,1112,-1,1258,1112,1259,-1,1259,1112,1111,-1,1259,1111,1260,-1,1260,1111,1110,-1,1260,1110,1261,-1,1261,1110,1109,-1,1261,1109,1262,-1,1262,1109,1108,-1,1262,1108,1263,-1,1263,1108,1131,-1,1263,1131,1264,-1,1264,1131,1130,-1,1264,1130,1265,-1,1265,1130,1129,-1,1265,1129,1266,-1,1266,1129,1128,-1,1266,1128,1267,-1,1267,1128,1127,-1,1267,1127,1268,-1,1268,1127,1126,-1,1268,1126,1269,-1,1269,1126,1125,-1,1269,1125,1270,-1,1270,1125,1124,-1,1270,1124,1271,-1,1271,1124,1123,-1,1271,1123,1272,-1,1272,1123,1122,-1,1272,1122,1273,-1,1273,1122,1121,-1,1273,1121,1274,-1,1274,1121,1120,-1,1274,1120,1275,-1,1275,1120,1119,-1,1275,1119,1276,-1,1276,1119,1118,-1,1277,1278,1279,-1,1279,1278,1280,-1,1281,1282,1283,-1,1283,1282,1284,-1,1277,1279,1285,-1,1285,1279,1286,-1,1285,1286,1287,-1,1287,1286,1288,-1,1287,1288,1289,-1,1289,1288,1290,-1,1289,1290,1291,-1,1291,1290,1292,-1,1291,1292,1293,-1,1293,1292,1294,-1,1293,1294,1295,-1,1295,1294,1296,-1,1295,1296,1282,-1,1282,1296,1284,-1,1297,1298,1278,-1,1278,1298,615,-1,1299,1300,1281,-1,1301,1302,602,-1,602,1302,1303,-1,602,1303,1281,-1,1281,1303,1304,-1,1281,1304,1299,-1,1298,1305,615,-1,615,1305,1306,-1,615,1306,613,-1,613,1306,1307,-1,613,1307,611,-1,611,1307,1308,-1,611,1308,609,-1,609,1308,607,-1,1301,602,1308,-1,1308,602,605,-1,1308,605,607,-1,1309,1310,1278,-1,1278,1310,1311,-1,1278,1311,1297,-1,1300,1312,1281,-1,1281,1312,1313,-1,1281,1313,1282,-1,1309,1278,1314,-1,1314,1278,1277,-1,1314,1277,1315,-1,1315,1277,1285,-1,1315,1285,1316,-1,1285,1287,1316,-1,1316,1287,1289,-1,1316,1289,1317,-1,1317,1289,1291,-1,1317,1291,1318,-1,1313,1319,1282,-1,1282,1319,1320,-1,1282,1320,1295,-1,1295,1320,1318,-1,1295,1318,1293,-1,1293,1318,1291,-1,1303,1321,1304,-1,1304,1321,1322,-1,1304,1322,1299,-1,1299,1322,1323,-1,1299,1323,1300,-1,1300,1323,1324,-1,1300,1324,1312,-1,1312,1324,1325,-1,1312,1325,1313,-1,1313,1325,1326,-1,1313,1326,1319,-1,1319,1326,1327,-1,1319,1327,1320,-1,1320,1327,1328,-1,1320,1328,1318,-1,1318,1328,1329,-1,1318,1329,1317,-1,1317,1329,1330,-1,1317,1330,1316,-1,1316,1330,1331,-1,1316,1331,1315,-1,1315,1331,1332,-1,1315,1332,1314,-1,1314,1332,1333,-1,1314,1333,1309,-1,1309,1333,1334,-1,1309,1334,1310,-1,1310,1334,1335,-1,1310,1335,1311,-1,1311,1335,1336,-1,1311,1336,1297,-1,1297,1336,1337,-1,1297,1337,1298,-1,1298,1337,1338,-1,1298,1338,1305,-1,1305,1338,1339,-1,1305,1339,1306,-1,1306,1339,1340,-1,1306,1340,1307,-1,1307,1340,1341,-1,1307,1341,1308,-1,1308,1341,1342,-1,1308,1342,1301,-1,1301,1342,1343,-1,1301,1343,1302,-1,1302,1343,1344,-1,1302,1344,1303,-1,1303,1344,1321,-1,1345,1346,1347,-1,1347,1346,1348,-1,1347,1348,1349,-1,1350,1351,1347,-1,1347,1351,1352,-1,1347,1352,1345,-1,1353,1354,1347,-1,1347,1354,1355,-1,1347,1355,1350,-1,1356,1357,1347,-1,1347,1357,1358,-1,1347,1358,1353,-1,1359,1360,1347,-1,1347,1360,1361,-1,1347,1361,1356,-1,1362,1363,1347,-1,1347,1363,1364,-1,1347,1364,1359,-1,1365,1366,1347,-1,1347,1366,1367,-1,1347,1367,1362,-1,1349,1368,1347,-1,1347,1368,1369,-1,1347,1369,1365,-1,1348,1370,1349,-1,1349,1370,1371,-1,1349,1371,1368,-1,1368,1371,1372,-1,1368,1372,1369,-1,1369,1372,1373,-1,1369,1373,1365,-1,1365,1373,1374,-1,1365,1374,1366,-1,1366,1374,1375,-1,1366,1375,1367,-1,1367,1375,1376,-1,1367,1376,1362,-1,1362,1376,1377,-1,1362,1377,1363,-1,1363,1377,1378,-1,1363,1378,1364,-1,1364,1378,1379,-1,1364,1379,1359,-1,1359,1379,1380,-1,1359,1380,1360,-1,1360,1380,1381,-1,1360,1381,1361,-1,1361,1381,1382,-1,1361,1382,1356,-1,1356,1382,1383,-1,1356,1383,1357,-1,1357,1383,1384,-1,1357,1384,1358,-1,1358,1384,1385,-1,1358,1385,1353,-1,1353,1385,1386,-1,1353,1386,1354,-1,1354,1386,1387,-1,1354,1387,1355,-1,1355,1387,1388,-1,1355,1388,1350,-1,1350,1388,1389,-1,1350,1389,1351,-1,1351,1389,1390,-1,1351,1390,1352,-1,1352,1390,1391,-1,1352,1391,1345,-1,1345,1391,1392,-1,1345,1392,1346,-1,1346,1392,1393,-1,1346,1393,1348,-1,1348,1393,1370,-1,1393,1394,1370,-1,1370,1394,1395,-1,1370,1395,1371,-1,1371,1395,1396,-1,1371,1396,1372,-1,1372,1396,1397,-1,1372,1397,1373,-1,1373,1397,1398,-1,1373,1398,1374,-1,1374,1398,1399,-1,1374,1399,1375,-1,1375,1399,1400,-1,1375,1400,1376,-1,1376,1400,1401,-1,1376,1401,1377,-1,1377,1401,1402,-1,1377,1402,1378,-1,1378,1402,1403,-1,1378,1403,1379,-1,1379,1403,1404,-1,1379,1404,1380,-1,1380,1404,1405,-1,1380,1405,1381,-1,1381,1405,1406,-1,1381,1406,1382,-1,1382,1406,1407,-1,1382,1407,1383,-1,1383,1407,1408,-1,1383,1408,1384,-1,1384,1408,1409,-1,1384,1409,1385,-1,1385,1409,1410,-1,1385,1410,1386,-1,1386,1410,1411,-1,1386,1411,1387,-1,1387,1411,1412,-1,1387,1412,1388,-1,1388,1412,1413,-1,1388,1413,1389,-1,1389,1413,1414,-1,1389,1414,1390,-1,1390,1414,1415,-1,1390,1415,1391,-1,1391,1415,1416,-1,1391,1416,1392,-1,1392,1416,1417,-1,1392,1417,1393,-1,1393,1417,1394,-1,1417,1418,1394,-1,1394,1418,1419,-1,1394,1419,1395,-1,1395,1419,1420,-1,1395,1420,1396,-1,1396,1420,1421,-1,1396,1421,1397,-1,1397,1421,1422,-1,1397,1422,1398,-1,1398,1422,1423,-1,1398,1423,1399,-1,1399,1423,1424,-1,1399,1424,1400,-1,1400,1424,1425,-1,1400,1425,1401,-1,1401,1425,1426,-1,1401,1426,1402,-1,1402,1426,1427,-1,1402,1427,1403,-1,1403,1427,1428,-1,1403,1428,1404,-1,1404,1428,1429,-1,1404,1429,1405,-1,1405,1429,1430,-1,1405,1430,1406,-1,1406,1430,1431,-1,1406,1431,1407,-1,1407,1431,1432,-1,1407,1432,1408,-1,1408,1432,1433,-1,1408,1433,1409,-1,1409,1433,1434,-1,1409,1434,1410,-1,1410,1434,1435,-1,1410,1435,1411,-1,1411,1435,1436,-1,1411,1436,1412,-1,1412,1436,1437,-1,1412,1437,1413,-1,1413,1437,1438,-1,1413,1438,1414,-1,1414,1438,1439,-1,1414,1439,1415,-1,1415,1439,1440,-1,1415,1440,1416,-1,1416,1440,1441,-1,1416,1441,1417,-1,1417,1441,1418,-1,1441,1442,1418,-1,1418,1442,1443,-1,1418,1443,1419,-1,1419,1443,1444,-1,1419,1444,1420,-1,1420,1444,1445,-1,1420,1445,1421,-1,1421,1445,1446,-1,1421,1446,1422,-1,1422,1446,1447,-1,1422,1447,1423,-1,1423,1447,1448,-1,1423,1448,1424,-1,1424,1448,1449,-1,1424,1449,1425,-1,1425,1449,1450,-1,1425,1450,1426,-1,1426,1450,1451,-1,1426,1451,1427,-1,1427,1451,1452,-1,1427,1452,1428,-1,1428,1452,1453,-1,1428,1453,1429,-1,1429,1453,1454,-1,1429,1454,1430,-1,1430,1454,1455,-1,1430,1455,1431,-1,1431,1455,1456,-1,1431,1456,1432,-1,1432,1456,1457,-1,1432,1457,1433,-1,1433,1457,1458,-1,1433,1458,1434,-1,1434,1458,1459,-1,1434,1459,1435,-1,1435,1459,1460,-1,1435,1460,1436,-1,1436,1460,1461,-1,1436,1461,1437,-1,1437,1461,1462,-1,1437,1462,1438,-1,1438,1462,1463,-1,1438,1463,1439,-1,1439,1463,1464,-1,1439,1464,1440,-1,1440,1464,1465,-1,1440,1465,1441,-1,1441,1465,1442,-1,1465,1466,1442,-1,1442,1466,1467,-1,1442,1467,1443,-1,1443,1467,1468,-1,1443,1468,1444,-1,1444,1468,1469,-1,1444,1469,1445,-1,1445,1469,1470,-1,1445,1470,1446,-1,1446,1470,1471,-1,1446,1471,1447,-1,1447,1471,1472,-1,1447,1472,1448,-1,1448,1472,1473,-1,1448,1473,1449,-1,1449,1473,1474,-1,1449,1474,1450,-1,1450,1474,1475,-1,1450,1475,1451,-1,1451,1475,1476,-1,1451,1476,1452,-1,1452,1476,1477,-1,1452,1477,1453,-1,1453,1477,1478,-1,1453,1478,1454,-1,1454,1478,1479,-1,1454,1479,1455,-1,1455,1479,1480,-1,1455,1480,1456,-1,1456,1480,1481,-1,1456,1481,1457,-1,1457,1481,1482,-1,1457,1482,1458,-1,1458,1482,1483,-1,1458,1483,1459,-1,1459,1483,1484,-1,1459,1484,1460,-1,1460,1484,1485,-1,1460,1485,1461,-1,1461,1485,1486,-1,1461,1486,1462,-1,1462,1486,1487,-1,1462,1487,1463,-1,1463,1487,1488,-1,1463,1488,1464,-1,1464,1488,1489,-1,1464,1489,1465,-1,1465,1489,1466,-1,1489,1331,1466,-1,1466,1331,1330,-1,1466,1330,1467,-1,1467,1330,1329,-1,1467,1329,1468,-1,1468,1329,1328,-1,1468,1328,1469,-1,1469,1328,1327,-1,1469,1327,1470,-1,1470,1327,1326,-1,1470,1326,1471,-1,1471,1326,1325,-1,1471,1325,1472,-1,1472,1325,1324,-1,1472,1324,1473,-1,1473,1324,1323,-1,1473,1323,1474,-1,1474,1323,1322,-1,1474,1322,1475,-1,1475,1322,1321,-1,1475,1321,1476,-1,1476,1321,1344,-1,1476,1344,1477,-1,1477,1344,1343,-1,1477,1343,1478,-1,1478,1343,1342,-1,1478,1342,1479,-1,1479,1342,1341,-1,1479,1341,1480,-1,1480,1341,1340,-1,1480,1340,1481,-1,1481,1340,1339,-1,1481,1339,1482,-1,1482,1339,1338,-1,1482,1338,1483,-1,1483,1338,1337,-1,1483,1337,1484,-1,1484,1337,1336,-1,1484,1336,1485,-1,1485,1336,1335,-1,1485,1335,1486,-1,1486,1335,1334,-1,1486,1334,1487,-1,1487,1334,1333,-1,1487,1333,1488,-1,1488,1333,1332,-1,1488,1332,1489,-1,1489,1332,1331,-1,1490,1491,1492,-1,1493,1494,1495,-1,1496,1497,1498,-1,1499,1500,1501,-1,1501,1500,1502,-1,1503,1504,1505,-1,1505,1504,1506,-1,1505,1506,1507,-1,1499,1508,1509,-1,1509,1508,1510,-1,1509,1510,1511,-1,1511,1512,1509,-1,1509,1512,1513,-1,1509,1513,1514,-1,1515,1516,1509,-1,1509,1516,1517,-1,1518,1519,1520,-1,1520,1519,1521,-1,1517,1522,1509,-1,1509,1522,1521,-1,1509,1521,1523,-1,1523,1521,1519,-1,1514,1524,1509,-1,1509,1524,1525,-1,1509,1525,1515,-1,1526,1527,1528,-1,1528,1527,1529,-1,1530,1531,1532,-1,1533,1534,1535,-1,1535,1534,1536,-1,1535,1536,1537,-1,1531,1538,1532,-1,1532,1538,1539,-1,1532,1539,1540,-1,1537,1541,1535,-1,1535,1541,1542,-1,1535,1542,1532,-1,1532,1542,1543,-1,1532,1543,1530,-1,1544,1545,1546,-1,1546,1545,1547,-1,1545,1548,1547,-1,1547,1548,1549,-1,1547,1549,1535,-1,1535,1549,1550,-1,1535,1550,1533,-1,1551,1552,1494,-1,1494,1552,1495,-1,1495,1552,1553,-1,1495,1553,1554,-1,1494,1496,1551,-1,1551,1496,1498,-1,1551,1498,1554,-1,1554,1498,1555,-1,1554,1555,1495,-1,1556,1557,1558,-1,1558,1557,1559,-1,1560,1559,1561,-1,1561,1559,1562,-1,1561,1562,1563,-1,1563,1562,1564,-1,1563,1564,1565,-1,1565,1564,1558,-1,1565,1558,1560,-1,1560,1558,1559,-1,1495,1529,1493,-1,1493,1529,1566,-1,1493,1566,1567,-1,1567,1566,1568,-1,1567,1568,1569,-1,1569,1568,1570,-1,1569,1570,1556,-1,1556,1570,1571,-1,1556,1571,1557,-1,1557,1571,1572,-1,1557,1572,1573,-1,1573,1572,1574,-1,1573,1574,1527,-1,1527,1574,1575,-1,1527,1575,1529,-1,1529,1575,1576,-1,1529,1576,1566,-1,1490,1492,1577,-1,1577,1492,589,-1,1577,589,1578,-1,1555,1491,1495,-1,1495,1491,1490,-1,1495,1490,1529,-1,1529,1490,1532,-1,1529,1532,1528,-1,1528,1532,1540,-1,1532,1579,1535,-1,1535,1579,1580,-1,1535,1580,1581,-1,1582,1579,1583,-1,1583,1579,1532,-1,1583,1532,1584,-1,1584,1532,1490,-1,1584,1490,1581,-1,1581,1490,1577,-1,1581,1577,1535,-1,1535,1577,1578,-1,1535,1578,1547,-1,1585,1586,1587,-1,1588,1589,1505,-1,1505,1589,1590,-1,1505,1590,1586,-1,1586,1590,1591,-1,1586,1591,1587,-1,1587,1592,1585,-1,1585,1592,1588,-1,1585,1588,1501,-1,1501,1588,1505,-1,1501,1505,1499,-1,1499,1505,1507,-1,1499,1507,1508,-1,1593,1594,1595,-1,1595,1594,1587,-1,1595,1587,1596,-1,1596,1587,1591,-1,1596,1591,1597,-1,1597,1591,1598,-1,1599,1600,1601,-1,1601,1600,1586,-1,1602,1603,1604,-1,1604,1603,1605,-1,1599,1606,1600,-1,1600,1606,1607,-1,1600,1607,1608,-1,1609,1610,1604,-1,1604,1610,1611,-1,1604,1611,1602,-1,1608,1612,1600,-1,1600,1612,1613,-1,1600,1613,1614,-1,1605,1615,1604,-1,1604,1615,1616,-1,1604,1616,1585,-1,1585,1616,1617,-1,1585,1617,1586,-1,1586,1617,1618,-1,1586,1618,1601,-1,1619,1620,1621,-1,1622,1623,1604,-1,1604,1623,1600,-1,1604,1600,1609,-1,1609,1600,1614,-1,1621,1622,1619,-1,1619,1622,1604,-1,1619,1604,1624,-1,1624,1604,1625,-1,1624,1625,1626,-1,1627,1564,1628,-1,1628,1564,1562,-1,1628,1562,1629,-1,1629,1562,1630,-1,1526,1503,1527,-1,1527,1503,1505,-1,1527,1505,1573,-1,1573,1505,1586,-1,1573,1586,1557,-1,1557,1586,1600,-1,1557,1600,1559,-1,1559,1600,1631,-1,1559,1631,1562,-1,1562,1631,1632,-1,1562,1632,1630,-1,1630,1632,1633,-1,1623,1634,1600,-1,1600,1634,1626,-1,1600,1626,1631,-1,1631,1626,1625,-1,1631,1625,1632,-1,1632,1625,1635,-1,1632,1635,1633,-1,1633,1635,1636,-1,1502,1544,1501,-1,1501,1544,1546,-1,1501,1546,1585,-1,1585,1546,1637,-1,1585,1637,1604,-1,1604,1637,1638,-1,1604,1638,1625,-1,1625,1638,1639,-1,1625,1639,1635,-1,1635,1639,1640,-1,1635,1640,1636,-1,1636,1640,614,-1,1641,1642,1643,-1,1558,1564,1644,-1,1645,1646,1647,-1,1647,1646,1648,-1,1649,1650,1651,-1,1651,1650,1652,-1,1651,1652,1653,-1,1653,1652,1654,-1,1653,1654,1655,-1,1656,1641,1657,-1,1496,1494,1658,-1,1658,1494,1493,-1,1655,1659,1653,-1,1653,1659,1660,-1,1653,1660,1661,-1,1661,1662,1653,-1,1653,1662,1663,-1,1653,1663,1643,-1,1643,1663,1647,-1,1643,1647,1641,-1,1641,1647,1648,-1,1641,1648,1657,-1,1664,1658,1653,-1,1653,1658,1644,-1,1653,1644,1651,-1,1651,1644,1665,-1,1651,1665,1666,-1,1653,1667,1664,-1,1664,1667,1668,-1,1664,1668,1669,-1,1669,1670,1664,-1,1664,1670,1671,-1,1664,1671,1672,-1,1493,1567,1658,-1,1658,1567,1569,-1,1658,1569,1644,-1,1644,1569,1556,-1,1644,1556,1558,-1,1673,1665,1674,-1,1674,1665,1675,-1,1673,1676,1665,-1,1665,1676,1677,-1,1665,1677,1666,-1,1678,1657,1679,-1,1679,1657,1680,-1,1678,1681,1657,-1,1657,1681,1682,-1,1657,1682,1656,-1,1683,1684,1643,-1,1685,1686,1642,-1,1642,1686,575,-1,1642,575,1643,-1,1643,575,600,-1,1643,600,1683,-1,1687,1688,1650,-1,1689,1690,1649,-1,1649,1690,603,-1,1649,603,1650,-1,1650,603,628,-1,1650,628,1687,-1,1691,1692,1646,-1,1693,1694,1645,-1,1645,1694,617,-1,1645,617,1646,-1,1646,617,586,-1,1646,586,1691,-1,626,628,617,-1,617,1640,1639,-1,620,622,624,-1,617,628,1640,-1,1640,628,603,-1,1640,603,614,-1,626,617,624,-1,624,617,618,-1,624,618,620,-1,1639,1638,617,-1,617,1638,1637,-1,617,1637,586,-1,586,1637,1546,-1,608,603,606,-1,606,603,604,-1,608,610,603,-1,603,610,612,-1,603,612,614,-1,1546,1547,586,-1,586,1547,1578,-1,586,1578,589,-1,576,578,586,-1,590,592,589,-1,589,592,594,-1,589,594,596,-1,586,578,584,-1,584,578,580,-1,584,580,582,-1,596,598,589,-1,589,598,600,-1,589,600,586,-1,586,600,575,-1,586,575,576,-1,1691,586,584,-1,1691,584,1695,-1,1695,584,582,-1,1695,582,1696,-1,1696,582,580,-1,1696,580,1697,-1,1697,580,578,-1,1697,578,1698,-1,1698,578,576,-1,1698,576,1699,-1,1699,576,575,-1,1699,575,1686,-1,1683,600,598,-1,589,1492,590,-1,590,1492,1491,-1,590,1491,1555,-1,1683,598,1700,-1,1700,598,596,-1,1700,596,1701,-1,1701,596,594,-1,1701,594,1702,-1,1702,594,592,-1,1702,592,1703,-1,1703,592,590,-1,1703,590,1704,-1,1704,590,1555,-1,1704,1555,1498,-1,1705,1629,1630,-1,1630,1633,612,-1,612,1633,1636,-1,612,1636,614,-1,1630,612,1705,-1,1705,612,610,-1,1705,610,1706,-1,1706,610,608,-1,1706,608,1707,-1,1707,608,606,-1,1707,606,1708,-1,1708,606,604,-1,1708,604,1709,-1,1709,604,603,-1,1709,603,1690,-1,1687,628,626,-1,1687,626,1710,-1,1710,626,624,-1,1710,624,1711,-1,1711,624,622,-1,1711,622,1712,-1,1712,622,620,-1,1712,620,1713,-1,1713,620,618,-1,1713,618,1714,-1,1714,618,617,-1,1714,617,1694,-1,1715,1656,1716,-1,1716,1656,1682,-1,1716,1682,1717,-1,1717,1682,1681,-1,1717,1681,1718,-1,1718,1681,1678,-1,1718,1678,1719,-1,1719,1678,1679,-1,1719,1679,1720,-1,1720,1679,1680,-1,1720,1680,1721,-1,1721,1680,1657,-1,1722,1721,1648,-1,1648,1721,1657,-1,1692,1722,1646,-1,1646,1722,1648,-1,1723,1685,1641,-1,1641,1685,1642,-1,1715,1723,1656,-1,1656,1723,1641,-1,1722,1692,1721,-1,1721,1692,1691,-1,1721,1691,1720,-1,1720,1691,1695,-1,1720,1695,1719,-1,1719,1695,1696,-1,1719,1696,1718,-1,1718,1696,1697,-1,1718,1697,1717,-1,1717,1697,1698,-1,1717,1698,1716,-1,1716,1698,1699,-1,1716,1699,1715,-1,1715,1699,1686,-1,1715,1686,1723,-1,1723,1686,1685,-1,1724,1663,1725,-1,1725,1663,1662,-1,1725,1662,1726,-1,1726,1662,1661,-1,1726,1661,1727,-1,1727,1661,1660,-1,1727,1660,1728,-1,1728,1660,1659,-1,1728,1659,1729,-1,1729,1659,1655,-1,1729,1655,1730,-1,1730,1655,1654,-1,1731,1730,1652,-1,1652,1730,1654,-1,1688,1731,1650,-1,1650,1731,1652,-1,1732,1693,1647,-1,1647,1693,1645,-1,1724,1732,1663,-1,1663,1732,1647,-1,1731,1688,1730,-1,1730,1688,1687,-1,1730,1687,1729,-1,1729,1687,1710,-1,1729,1710,1728,-1,1728,1710,1711,-1,1728,1711,1727,-1,1727,1711,1712,-1,1727,1712,1726,-1,1726,1712,1713,-1,1726,1713,1725,-1,1725,1713,1714,-1,1725,1714,1724,-1,1724,1714,1694,-1,1724,1694,1732,-1,1732,1694,1693,-1,1733,1666,1734,-1,1734,1666,1677,-1,1734,1677,1735,-1,1735,1677,1676,-1,1735,1676,1736,-1,1736,1676,1673,-1,1736,1673,1737,-1,1737,1673,1674,-1,1737,1674,1738,-1,1738,1674,1675,-1,1738,1675,1739,-1,1739,1675,1665,-1,1740,1739,1644,-1,1644,1739,1665,-1,1627,1740,1564,-1,1564,1740,1644,-1,1741,1689,1651,-1,1651,1689,1649,-1,1733,1741,1666,-1,1666,1741,1651,-1,1689,1741,1690,-1,1690,1741,1733,-1,1690,1733,1709,-1,1709,1733,1734,-1,1709,1734,1708,-1,1708,1734,1735,-1,1708,1735,1707,-1,1707,1735,1736,-1,1707,1736,1706,-1,1706,1736,1737,-1,1706,1737,1705,-1,1705,1737,1738,-1,1705,1738,1629,-1,1629,1738,1739,-1,1629,1739,1628,-1,1628,1739,1740,-1,1628,1740,1627,-1,1742,1664,1743,-1,1743,1664,1672,-1,1743,1672,1744,-1,1744,1672,1671,-1,1744,1671,1745,-1,1745,1671,1670,-1,1745,1670,1746,-1,1746,1670,1669,-1,1746,1669,1747,-1,1747,1669,1668,-1,1747,1668,1748,-1,1748,1668,1667,-1,1749,1748,1653,-1,1653,1748,1667,-1,1684,1749,1643,-1,1643,1749,1653,-1,1750,1497,1658,-1,1658,1497,1496,-1,1742,1750,1664,-1,1664,1750,1658,-1,1749,1684,1748,-1,1748,1684,1683,-1,1748,1683,1747,-1,1747,1683,1700,-1,1747,1700,1746,-1,1746,1700,1701,-1,1746,1701,1745,-1,1745,1701,1702,-1,1745,1702,1744,-1,1744,1702,1703,-1,1744,1703,1743,-1,1743,1703,1704,-1,1743,1704,1742,-1,1742,1704,1498,-1,1742,1498,1750,-1,1750,1498,1497,-1,
        ]
    }
}
Shape{
    appearance Appearance {
        material  Material 	{
            diffuseColor 0.6666666666666666 0.6666666666666666 0.6666666666666666
            specularColor 0.4666666666666667 0.4666666666666667 0.4666666666666667
            ambientIntensity 0.6667
            transparency 0.0
            shininess 0.5
        }
    }
    geometry IndexedFaceSet {
        ccw TRUE
        solid FALSE
        coord DEF co Coordinate {
            point [
                -1.1614 -0.0846 -1.2008, -1.1614 0.0728 -1.2008, -1.1554 0.0728 -1.2466, -1.1554 -0.0846 -1.2466, -1.1377 0.0728 -1.2894, -1.1377 -0.0846 -1.2894, -1.1095 0.0728 -1.3261, -1.1095 -0.0846 -1.3261, -1.0728 0.0728 -1.3542, -1.0728 -0.0846 -1.3542, -1.0301 0.0728 -1.3719, -1.0301 -0.0846 -1.3719, -0.9843 0.0728 -1.378, -0.9843 -0.0846 -1.378, -0.9384 0.0728 -1.3719, -0.9384 -0.0846 -1.3719, -0.8957 0.0728 -1.3542, -0.8957 -0.0846 -1.3542, -0.859 0.0728 -1.3261, -0.859 -0.0846 -1.3261, -0.8308 0.0728 -1.2894, -0.8308 -0.0846 -1.2894, -0.8131 0.0728 -1.2466, -0.8131 -0.0846 -1.2466, -0.8071 0.0728 -1.2008, -0.8071 -0.0846 -1.2008, -0.8071 -0.0846 0.0, -0.8071 0.0728 0.0, -1.1614 0.0728 0.0, -1.1614 -0.0846 0.0, -0.1772 -0.0846 -1.2008, -0.1772 0.0728 -1.2008, -0.1711 0.0728 -1.2466, -0.1711 -0.0846 -1.2466, -0.1534 0.0728 -1.2894, -0.1534 -0.0846 -1.2894, -0.1253 0.0728 -1.3261, -0.1253 -0.0846 -1.3261, -0.0886 0.0728 -1.3542, -0.0886 -0.0846 -1.3542, -0.0459 0.0728 -1.3719, -0.0459 -0.0846 -1.3719, 0.0 0.0728 -1.378, 0.0 -0.0846 -1.378, 0.0459 0.0728 -1.3719, 0.0459 -0.0846 -1.3719, 0.0886 0.0728 -1.3542, 0.0886 -0.0846 -1.3542, 0.1253 0.0728 -1.3261, 0.1253 -0.0846 -1.3261, 0.1534 0.0728 -1.2894, 0.1534 -0.0846 -1.2894, 0.1711 0.0728 -1.2466, 0.1711 -0.0846 -1.2466, 0.1772 0.0728 -1.2008, 0.1772 -0.0846 -1.2008, 0.1772 -0.0846 0.0, 0.1772 0.0728 0.0, -0.1772 0.0728 0.0, -0.1772 -0.0846 0.0, 0.1032 -0.0846 0.0, -0.0408 -0.0846 0.0, -0.0408 0.0728 0.0, 0.1032 0.0728 0.0, 0.8071 -0.0846 -1.2008, 0.8071 0.0728 -1.2008, 0.8131 0.0728 -1.2466, 0.8131 -0.0846 -1.2466, 0.8308 0.0728 -1.2894, 0.8308 -0.0846 -1.2894, 0.859 0.0728 -1.3261, 0.859 -0.0846 -1.3261, 0.8957 0.0728 -1.3542, 0.8957 -0.0846 -1.3542, 0.9384 0.0728 -1.3719, 0.9384 -0.0846 -1.3719, 0.9843 0.0728 -1.378, 0.9843 -0.0846 -1.378, 1.0301 0.0728 -1.3719, 1.0301 -0.0846 -1.3719, 1.0728 0.0728 -1.3542, 1.0728 -0.0846 -1.3542, 1.1095 0.0728 -1.3261, 1.1095 -0.0846 -1.3261, 1.1377 0.0728 -1.2894, 1.1377 -0.0846 -1.2894, 1.1554 0.0728 -1.2466, 1.1554 -0.0846 -1.2466, 1.1614 0.0728 -1.2008, 1.1614 -0.0846 -1.2008, 1.1614 -0.0846 0.0, 1.1614 0.0728 0.0, 0.8071 0.0728 0.0, 0.8071 -0.0846 0.0
            ]
        }
        coordIndex [
            0,1,2,-1,0,2,3,-1,3,2,4,-1,3,4,5,-1,5,4,6,-1,5,6,7,-1,7,6,8,-1,7,8,9,-1,9,8,10,-1,9,10,11,-1,11,10,12,-1,11,12,13,-1,13,12,14,-1,13,14,15,-1,15,14,16,-1,15,16,17,-1,17,16,18,-1,17,18,19,-1,19,18,20,-1,19,20,21,-1,21,20,22,-1,21,22,23,-1,23,22,24,-1,23,24,25,-1,25,24,26,-1,26,24,27,-1,1,0,28,-1,28,0,29,-1,25,26,29,-1,29,0,25,-1,25,0,3,-1,25,3,5,-1,5,7,25,-1,25,7,9,-1,25,9,11,-1,19,21,17,-1,17,21,15,-1,11,13,25,-1,25,13,15,-1,25,15,23,-1,23,15,21,-1,28,27,1,-1,1,27,24,-1,24,14,12,-1,24,22,14,-1,14,22,20,-1,14,20,16,-1,16,20,18,-1,12,10,24,-1,24,10,8,-1,24,8,6,-1,6,4,24,-1,24,4,2,-1,24,2,1,-1,30,31,32,-1,30,32,33,-1,33,32,34,-1,33,34,35,-1,35,34,36,-1,35,36,37,-1,37,36,38,-1,37,38,39,-1,39,38,40,-1,39,40,41,-1,41,40,42,-1,41,42,43,-1,43,42,44,-1,43,44,45,-1,45,44,46,-1,45,46,47,-1,47,46,48,-1,47,48,49,-1,49,48,50,-1,49,50,51,-1,51,50,52,-1,51,52,53,-1,53,52,54,-1,53,54,55,-1,55,54,56,-1,56,54,57,-1,31,30,58,-1,58,30,59,-1,55,56,60,-1,51,53,49,-1,49,53,55,-1,49,55,47,-1,47,55,60,-1,47,60,45,-1,45,60,61,-1,45,61,43,-1,43,61,41,-1,35,37,33,-1,33,37,30,-1,61,59,41,-1,41,59,30,-1,41,30,39,-1,39,30,37,-1,31,58,62,-1,31,36,32,-1,32,36,34,-1,44,62,46,-1,46,62,63,-1,46,63,57,-1,44,42,62,-1,62,42,40,-1,62,40,31,-1,31,40,38,-1,31,38,36,-1,57,54,46,-1,46,54,52,-1,46,52,48,-1,48,52,50,-1,64,65,66,-1,64,66,67,-1,67,66,68,-1,67,68,69,-1,69,68,70,-1,69,70,71,-1,71,70,72,-1,71,72,73,-1,73,72,74,-1,73,74,75,-1,75,74,76,-1,75,76,77,-1,77,76,78,-1,77,78,79,-1,79,78,80,-1,79,80,81,-1,81,80,82,-1,81,82,83,-1,83,82,84,-1,83,84,85,-1,85,84,86,-1,85,86,87,-1,87,86,88,-1,87,88,89,-1,89,88,90,-1,90,88,91,-1,65,64,92,-1,92,64,93,-1,89,90,93,-1,93,64,89,-1,89,64,67,-1,89,67,69,-1,69,71,89,-1,89,71,73,-1,89,73,75,-1,83,85,81,-1,81,85,79,-1,75,77,89,-1,89,77,79,-1,89,79,87,-1,87,79,85,-1,92,91,65,-1,65,91,88,-1,88,78,76,-1,88,86,78,-1,78,86,84,-1,78,84,80,-1,80,84,82,-1,76,74,88,-1,88,74,72,-1,88,72,70,-1,70,68,88,-1,88,68,66,-1,88,66,65,-1,
        ]
    }
}
Shape{
    appearance Appearance {
        material  Material 	{
            diffuseColor 0.34901960784313724 0.34901960784313724 0.34901960784313724
            specularColor 0.023529411764705882 0.023529411764705882 0.023529411764705882
            ambientIntensity 0.498
            transparency 0.0
            shininess 0.5
        }
    }
    geometry IndexedFaceSet {
        ccw TRUE
        solid FALSE
        coord DEF co Coordinate {
            point [
                -0.3337 -0.1957 0.0394, -0.4105 -0.3925 0.0394, -0.3337 -0.1957 0.0, -0.4105 -0.3925 0.0, -0.3817 -0.3925 0.0394, -0.3817 -0.3925 0.0, -0.3618 -0.3373 0.0394, -0.3618 -0.3373 0.0, -0.2805 -0.3373 0.0394, -0.2805 -0.3373 0.0, -0.2617 -0.3925 0.0394, -0.2617 -0.3925 0.0
            ]
        }
        coordIndex [
            0,1,2,-1,2,1,3,-1,1,4,3,-1,3,4,5,-1,4,6,5,-1,5,6,7,-1,6,8,7,-1,7,8,9,-1,8,10,9,-1,9,10,11,-1,
        ]
    }
}
Shape{
    appearance Appearance {
        material  Material 	{
            diffuseColor 1.0 1.0 1.0
            specularColor 0.8784313725490196 0.8784313725490196 0.8784313725490196
            ambientIntensity 1.0
            transparency 0.0
            shininess 0.5
        }
    }
    geometry IndexedFaceSet {
        ccw TRUE
        solid FALSE
        coord DEF co Coordinate {
            point [
                -0.2617 -0.3925 0.0394, -0.2329 -0.3925 0.0394, -0.2617 -0.3925 0.0, -0.2329 -0.3925 0.0, -0.3073 -0.1957 0.0394, -0.3073 -0.1957 0.0, -0.3337 -0.1957 0.0394, -0.3337 -0.1957 0.0, -0.2871 -0.3157 0.0394, -0.3165 -0.2335 0.0394, -0.2805 -0.3373 0.0394, -0.3184 -0.2267 0.0394, -0.3196 -0.2197 0.0394, -0.3203 -0.2197 0.0394, -0.3215 -0.2267 0.0394, -0.3233 -0.2335 0.0394, -0.3529 -0.3157 0.0394, -0.4105 -0.3925 0.0394, -0.3817 -0.3925 0.0394, -0.3618 -0.3373 0.0394, -0.2871 -0.3157 0.0, -0.3529 -0.3157 0.0, -0.3165 -0.2335 0.0, -0.3184 -0.2267 0.0, -0.3196 -0.2197 0.0, -0.3203 -0.2197 0.0, -0.3215 -0.2267 0.0, -0.3233 -0.2335 0.0, -0.1135 -0.3925 0.0394, -0.06 -0.3925 0.0394, -0.1135 -0.3925 0.0, -0.06 -0.3925 0.0, -0.06 -0.1957 0.0394, -0.06 -0.1957 0.0, -0.1156 -0.1957 0.0394, -0.1156 -0.1957 0.0, -0.2185 -0.2916 0.0394, -0.2185 -0.2916 0.0, -0.217 -0.2731 0.0, -0.217 -0.2731 0.0394, -0.2117 -0.2537 0.0, -0.2117 -0.2537 0.0394, -0.2026 -0.2368 0.0, -0.2026 -0.2368 0.0394, -0.1887 -0.2214 0.0, -0.1887 -0.2214 0.0394, -0.1885 -0.2212 0.0, -0.1885 -0.2212 0.0394, -0.167 -0.2068 0.0, -0.167 -0.2068 0.0394, -0.144 -0.1987 0.0, -0.144 -0.1987 0.0394, -0.1379 -0.3904 0.0, -0.1379 -0.3904 0.0394, -0.1606 -0.3837 0.0, -0.1606 -0.3837 0.0394, -0.1811 -0.3717 0.0, -0.1811 -0.3717 0.0394, -0.1973 -0.3562 0.0, -0.1973 -0.3562 0.0394, -0.2086 -0.3386 0.0, -0.2086 -0.3386 0.0394, -0.2157 -0.318 0.0, -0.2157 -0.318 0.0394, -0.1789 -0.2449 0.0394, -0.1694 -0.2348 0.0394, -0.155 -0.2255 0.0394, -0.1388 -0.2198 0.0394, -0.1155 -0.2173 0.0394, -0.0864 -0.2173 0.0394, -0.0864 -0.3709 0.0394, -0.1144 -0.3709 0.0394, -0.1351 -0.369 0.0394, -0.1517 -0.3638 0.0394, -0.1651 -0.3559 0.0394, -0.1762 -0.345 0.0394, -0.1845 -0.3314 0.0394, -0.1902 -0.3129 0.0394, -0.192 -0.2922 0.0394, -0.1904 -0.2726 0.0394, -0.1858 -0.2571 0.0394, -0.1155 -0.2173 0.0, -0.0864 -0.2173 0.0, -0.1388 -0.2198 0.0, -0.155 -0.2255 0.0, -0.1694 -0.2348 0.0, -0.1789 -0.2449 0.0, -0.1858 -0.2571 0.0, -0.1904 -0.2726 0.0, -0.192 -0.2922 0.0, -0.1902 -0.3129 0.0, -0.1845 -0.3314 0.0, -0.1762 -0.345 0.0, -0.1651 -0.3559 0.0, -0.1517 -0.3638 0.0, -0.1351 -0.369 0.0, -0.1144 -0.3709 0.0, -0.0864 -0.3709 0.0, -0.0216 -0.3709 0.0394, -0.0216 -0.3925 0.0394, -0.0216 -0.3709 0.0, -0.0216 -0.3925 0.0, 0.084 -0.3925 0.0394, 0.084 -0.3925 0.0, 0.084 -0.1957 0.0394, 0.084 -0.1957 0.0, -0.0168 -0.1957 0.0394, -0.0168 -0.1957 0.0, -0.0168 -0.2173 0.0394, -0.0168 -0.2173 0.0, 0.0576 -0.2173 0.0394, 0.0576 -0.2173 0.0, 0.0576 -0.2821 0.0394, 0.0576 -0.2821 0.0, -0.012 -0.2821 0.0394, -0.012 -0.2821 0.0, -0.012 -0.3037 0.0394, -0.012 -0.3037 0.0, 0.0576 -0.3037 0.0394, 0.0576 -0.3037 0.0, 0.0576 -0.3709 0.0394, 0.0576 -0.3709 0.0, 0.1224 -0.3607 0.0394, 0.1224 -0.3823 0.0394, 0.1224 -0.3607 0.0, 0.1224 -0.3823 0.0, 0.1434 -0.391 0.0394, 0.1766 -0.395 0.0394, 0.1766 -0.395 0.0, 0.1712 -0.3949 0.0, 0.1712 -0.3949 0.0394, 0.1633 -0.3938 0.0, 0.1434 -0.391 0.0, 0.1882 -0.3938 0.0, 0.2009 -0.3924 0.0394, 0.2009 -0.3924 0.0, 0.2199 -0.3859 0.0394, 0.2199 -0.3859 0.0, 0.2358 -0.3758 0.0394, 0.2358 -0.3758 0.0, 0.2506 -0.3602 0.0394, 0.2506 -0.3602 0.0, 0.261 -0.3415 0.0394, 0.261 -0.3415 0.0, 0.267 -0.3206 0.0394, 0.267 -0.3206 0.0, 0.2689 -0.2978 0.0394, 0.2689 -0.2978 0.0, 0.1688 -0.1933 0.0, 0.1835 -0.1945 0.0, 0.1688 -0.1933 0.0394, 0.1885 -0.1949 0.0394, 0.1885 -0.1949 0.0, 0.2105 -0.2013 0.0, 0.2105 -0.2013 0.0394, 0.2292 -0.2121 0.0, 0.2292 -0.2121 0.0394, 0.2469 -0.2291 0.0, 0.2469 -0.2291 0.0394, 0.2585 -0.2475 0.0, 0.2585 -0.2475 0.0394, 0.266 -0.2699 0.0, 0.266 -0.2699 0.0394, 0.1514 -0.1945 0.0, 0.1452 -0.1949 0.0394, 0.1452 -0.1949 0.0, 0.1224 -0.2011 0.0394, 0.1224 -0.2011 0.0, 0.1224 -0.2275 0.0394, 0.1224 -0.2275 0.0, 0.1685 -0.2149 0.0394, 0.1685 -0.2149 0.0, 0.1446 -0.218 0.0, 0.1446 -0.218 0.0394, 0.2425 -0.2962 0.0394, 0.2425 -0.2962 0.0, 0.2415 -0.2809 0.0, 0.2415 -0.2809 0.0394, 0.2363 -0.2598 0.0, 0.2363 -0.2598 0.0394, 0.2282 -0.2446 0.0, 0.2282 -0.2446 0.0394, 0.2163 -0.2315 0.0, 0.2163 -0.2315 0.0394, 0.2026 -0.2224 0.0, 0.2026 -0.2224 0.0394, 0.1879 -0.2171 0.0, 0.1879 -0.2171 0.0394, 0.173 -0.3733 0.0394, 0.173 -0.3733 0.0, 0.1913 -0.3713 0.0, 0.1913 -0.3713 0.0394, 0.2057 -0.366 0.0, 0.2057 -0.366 0.0394, 0.2177 -0.3579 0.0, 0.2177 -0.3579 0.0394, 0.227 -0.3481 0.0, 0.227 -0.3481 0.0394, 0.2351 -0.3345 0.0, 0.2351 -0.3345 0.0394, 0.2405 -0.3175 0.0, 0.2405 -0.3175 0.0394, 0.126 -0.3627 0.0, 0.126 -0.3627 0.0394, 0.1468 -0.3704 0.0, 0.1468 -0.3704 0.0394, 0.2857 -0.3709 0.0394, 0.2857 -0.3925 0.0394, 0.2857 -0.3709 0.0, 0.2857 -0.3925 0.0, 0.3865 -0.3925 0.0394, 0.3865 -0.3925 0.0, 0.3865 -0.1957 0.0394, 0.3865 -0.1957 0.0, 0.3601 -0.1957 0.0394, 0.3601 -0.1957 0.0, 0.3601 -0.3709 0.0394, 0.3601 -0.3709 0.0
            ]
        }
        coordIndex [
            0,1,2,-1,2,1,3,-1,1,4,3,-1,3,4,5,-1,4,6,5,-1,5,6,7,-1,8,9,4,-1,1,0,10,-1,9,11,4,-1,4,11,12,-1,4,12,6,-1,6,12,13,-1,6,13,14,-1,14,15,6,-1,6,15,16,-1,6,16,17,-1,18,17,19,-1,19,17,16,-1,19,16,10,-1,10,16,8,-1,10,8,1,-1,1,8,4,-1,8,16,20,-1,20,16,21,-1,9,8,22,-1,22,8,20,-1,9,22,23,-1,9,23,11,-1,11,23,24,-1,11,24,12,-1,13,12,25,-1,25,12,24,-1,13,25,26,-1,13,26,14,-1,14,26,27,-1,14,27,15,-1,16,15,21,-1,21,15,27,-1,28,29,30,-1,30,29,31,-1,29,32,31,-1,31,32,33,-1,32,34,33,-1,33,34,35,-1,36,37,38,-1,36,38,39,-1,39,38,40,-1,39,40,41,-1,41,40,42,-1,41,42,43,-1,43,42,44,-1,43,44,45,-1,45,44,46,-1,45,46,47,-1,47,46,48,-1,47,48,49,-1,49,48,50,-1,49,50,51,-1,51,50,35,-1,51,35,34,-1,28,30,52,-1,28,52,53,-1,53,52,54,-1,53,54,55,-1,55,54,56,-1,55,56,57,-1,57,56,58,-1,57,58,59,-1,59,58,60,-1,59,60,61,-1,61,60,62,-1,61,62,63,-1,63,62,37,-1,63,37,36,-1,41,43,64,-1,64,43,45,-1,64,45,65,-1,65,45,47,-1,65,47,66,-1,66,47,49,-1,66,49,67,-1,67,49,51,-1,67,51,68,-1,68,51,34,-1,68,34,69,-1,69,34,32,-1,69,32,70,-1,70,32,29,-1,70,29,71,-1,71,29,28,-1,71,28,72,-1,72,28,53,-1,72,53,73,-1,73,53,55,-1,73,55,74,-1,74,55,57,-1,74,57,75,-1,75,57,59,-1,75,59,76,-1,76,59,61,-1,76,61,77,-1,77,61,63,-1,77,63,78,-1,78,63,36,-1,78,36,79,-1,79,36,39,-1,79,39,80,-1,80,39,41,-1,80,41,64,-1,68,69,81,-1,81,69,82,-1,68,81,83,-1,68,83,67,-1,67,83,84,-1,67,84,66,-1,66,84,85,-1,66,85,65,-1,65,85,86,-1,65,86,64,-1,64,86,87,-1,64,87,80,-1,80,87,88,-1,80,88,79,-1,79,88,89,-1,79,89,78,-1,78,89,90,-1,78,90,77,-1,77,90,91,-1,77,91,76,-1,76,91,92,-1,76,92,75,-1,75,92,93,-1,75,93,74,-1,74,93,94,-1,74,94,73,-1,73,94,95,-1,73,95,72,-1,72,95,96,-1,72,96,71,-1,70,71,97,-1,97,71,96,-1,69,70,82,-1,82,70,97,-1,98,99,100,-1,100,99,101,-1,99,102,101,-1,101,102,103,-1,102,104,103,-1,103,104,105,-1,104,106,105,-1,105,106,107,-1,106,108,107,-1,107,108,109,-1,108,110,109,-1,109,110,111,-1,110,112,111,-1,111,112,113,-1,112,114,113,-1,113,114,115,-1,114,116,115,-1,115,116,117,-1,116,118,117,-1,117,118,119,-1,118,120,119,-1,119,120,121,-1,120,98,121,-1,121,98,100,-1,102,99,98,-1,98,120,102,-1,102,120,118,-1,102,118,104,-1,108,106,110,-1,110,106,104,-1,110,104,112,-1,112,104,118,-1,112,118,114,-1,114,118,116,-1,122,123,124,-1,124,123,125,-1,125,123,126,-1,127,128,129,-1,127,129,130,-1,130,129,131,-1,130,131,126,-1,126,131,132,-1,126,132,125,-1,128,127,133,-1,133,127,134,-1,133,134,135,-1,135,134,136,-1,135,136,137,-1,137,136,138,-1,137,138,139,-1,139,138,140,-1,139,140,141,-1,141,140,142,-1,141,142,143,-1,143,142,144,-1,143,144,145,-1,145,144,146,-1,145,146,147,-1,148,149,150,-1,150,149,151,-1,149,152,151,-1,151,152,153,-1,151,153,154,-1,154,153,155,-1,154,155,156,-1,156,155,157,-1,156,157,158,-1,158,157,159,-1,158,159,160,-1,160,159,161,-1,160,161,162,-1,162,161,147,-1,162,147,146,-1,148,150,163,-1,163,150,164,-1,163,164,165,-1,165,164,166,-1,165,166,167,-1,166,168,167,-1,167,168,169,-1,170,171,172,-1,170,172,173,-1,173,172,169,-1,173,169,168,-1,174,175,176,-1,174,176,177,-1,177,176,178,-1,177,178,179,-1,179,178,180,-1,179,180,181,-1,181,180,182,-1,181,182,183,-1,183,182,184,-1,183,184,185,-1,185,184,186,-1,185,186,187,-1,187,186,171,-1,187,171,170,-1,188,189,190,-1,188,190,191,-1,191,190,192,-1,191,192,193,-1,193,192,194,-1,193,194,195,-1,195,194,196,-1,195,196,197,-1,197,196,198,-1,197,198,199,-1,199,198,200,-1,199,200,201,-1,201,200,175,-1,201,175,174,-1,122,124,202,-1,122,202,203,-1,203,202,204,-1,203,204,205,-1,205,204,189,-1,205,189,188,-1,191,127,188,-1,188,127,130,-1,188,130,205,-1,205,130,126,-1,205,126,203,-1,203,126,123,-1,203,123,122,-1,168,166,173,-1,173,166,164,-1,173,164,170,-1,170,164,150,-1,170,150,187,-1,187,150,151,-1,187,151,185,-1,185,151,154,-1,185,154,183,-1,183,154,156,-1,183,156,181,-1,181,156,158,-1,181,158,179,-1,179,158,160,-1,179,160,177,-1,177,160,162,-1,177,162,174,-1,174,162,146,-1,174,146,201,-1,201,146,144,-1,201,144,199,-1,199,144,142,-1,199,142,197,-1,197,142,140,-1,197,140,195,-1,195,140,138,-1,195,138,193,-1,193,138,136,-1,193,136,191,-1,191,136,134,-1,191,134,127,-1,206,207,208,-1,208,207,209,-1,207,210,209,-1,209,210,211,-1,210,212,211,-1,211,212,213,-1,212,214,213,-1,213,214,215,-1,214,216,215,-1,215,216,217,-1,216,206,217,-1,217,206,208,-1,214,212,216,-1,216,212,210,-1,216,210,206,-1,206,210,207,-1,
        ]
    }
}
Shape{
    appearance Appearance {
        material  Material 	{
            diffuseColor 0.34901960784313724 0.34901960784313724 0.34901960784313724
            specularColor 0.023529411764705882 0.023529411764705882 0.023529411764705882
            ambientIntensity 0.498
            transparency 0.0
            shininess 0.5
        }
    }
    geometry IndexedFaceSet {
        ccw TRUE
        solid FALSE
        coord DEF co Coordinate {
            point [
                -0.2871 -0.3157 0.0, -0.3529 -0.3157 0.0, -0.3165 -0.2335 0.0, -0.3233 -0.2335 0.0, -0.3184 -0.2267 0.0, -0.3215 -0.2267 0.0, -0.3196 -0.2197 0.0, -0.3203 -0.2197 0.0, -0.0864 -0.2173 0.0, -0.0864 -0.3709 0.0, -0.1155 -0.2173 0.0, -0.1144 -0.3709 0.0, -0.1351 -0.369 0.0, -0.192 -0.2922 0.0, -0.1904 -0.2726 0.0, -0.1858 -0.2571 0.0, -0.1388 -0.2198 0.0, -0.1517 -0.3638 0.0, -0.1651 -0.3559 0.0, -0.1762 -0.345 0.0, -0.1845 -0.3314 0.0, -0.1902 -0.3129 0.0, -0.1789 -0.2449 0.0, -0.1694 -0.2348 0.0, -0.155 -0.2255 0.0
            ]
        }
        coordIndex [
            0,1,2,-1,2,1,3,-1,2,3,4,-1,4,3,5,-1,4,5,6,-1,6,5,7,-1,8,9,10,-1,10,9,11,-1,10,11,12,-1,13,14,10,-1,10,14,15,-1,10,15,16,-1,12,17,10,-1,10,17,18,-1,10,18,19,-1,19,20,10,-1,10,20,21,-1,10,21,13,-1,22,23,15,-1,15,23,24,-1,15,24,16,-1,
        ]
    }
}