#VRML V2.0 utf8
# 3D model generated by easyeda2kicad.py (https://github.com/uPesy/easyeda2kicad.py)

Shape{
    appearance Appearance {
        material  Material 	{
            diffuseColor 0.8509803921568627 0.8509803921568627 0.8509803921568627
            specularColor 0.4235294117647059 0.4235294117647059 0.4235294117647059
            ambientIntensity 0.851
            transparency 0.0
            shininess 0.5
        }
    }
    geometry IndexedFaceSet {
        ccw TRUE
        solid FALSE
        coord DEF co Coordinate {
            point [
                -2.1764 -1.004 0.1969, -2.4071 -0.7733 0.1969, -2.1764 -1.004 0.0, -2.4071 -0.7733 0.0, -2.1764 -1.0376 0.1969, -2.1764 -1.0376 0.0, -1.9299 -1.0376 0.1969, -1.9299 -1.0376 0.0, -1.9299 -1.004 0.1969, -1.9299 -1.004 0.0, -1.7058 -1.004 0.1969, -1.7058 -1.004 0.0, -1.7058 -0.7915 0.1969, -1.7058 -0.7915 0.0, -1.7012 -0.7569 0.1969, -1.7012 -0.7569 0.0, -1.6879 -0.7247 0.1969, -1.6879 -0.7247 0.0, -1.6666 -0.697 0.1969, -1.6666 -0.697 0.0, -1.6389 -0.6757 0.1969, -1.6389 -0.6757 0.0, -1.6067 -0.6624 0.1969, -1.6067 -0.6624 0.0, -1.572 -0.6578 0.1969, -1.572 -0.6578 0.0, -1.5374 -0.6624 0.1969, -1.5374 -0.6624 0.0, -1.5052 -0.6757 0.1969, -1.5052 -0.6757 0.0, -1.4775 -0.697 0.1969, -1.4775 -0.697 0.0, -1.4562 -0.7247 0.1969, -1.4562 -0.7247 0.0, -1.4429 -0.7569 0.1969, -1.4429 -0.7569 0.0, -1.4383 -0.7915 0.1969, -1.4383 -0.7915 0.0, -1.4383 -1.004 0.1969, -1.4383 -1.004 0.0, -1.2904 -1.004 0.1969, -1.2904 -1.004 0.0, -1.2904 -0.8977 0.1969, -1.2904 -0.8977 0.0, -1.2853 -0.8588 0.1969, -1.2853 -0.8588 0.0, -1.2702 -0.8224 0.1969, -1.2702 -0.8224 0.0, -1.2463 -0.7912 0.1969, -1.2463 -0.7912 0.0, -1.2151 -0.7673 0.1969, -1.2151 -0.7673 0.0, -1.1787 -0.7522 0.1969, -1.1787 -0.7522 0.0, -1.1397 -0.7471 0.1969, -1.1397 -0.7471 0.0, -0.4942 -0.7471 0.1969, -0.4942 -0.7471 0.0, -0.4942 0.7471 0.1969, -0.4942 0.7471 0.0, -1.1397 0.7471 0.1969, -1.1397 0.7471 0.0, -1.1787 0.7522 0.1969, -1.1787 0.7522 0.0, -1.2151 0.7672 0.1969, -1.2151 0.7672 0.0, -1.2463 0.7912 0.1969, -1.2463 0.7912 0.0, -1.2702 0.8224 0.1969, -1.2702 0.8224 0.0, -1.2853 0.8587 0.1969, -1.2853 0.8587 0.0, -1.2904 0.8977 0.1969, -1.2904 0.8977 0.0, -1.2904 1.0039 0.1969, -1.2904 1.0039 0.0, -1.4383 1.0039 0.1969, -1.4383 1.0039 0.0, -1.4383 0.7915 0.1969, -1.4383 0.7915 0.0, -1.4429 0.7569 0.1969, -1.4429 0.7569 0.0, -1.4562 0.7246 0.1969, -1.4562 0.7246 0.0, -1.4775 0.6969 0.1969, -1.4775 0.6969 0.0, -1.5052 0.6757 0.1969, -1.5052 0.6757 0.0, -1.5374 0.6623 0.1969, -1.5374 0.6623 0.0, -1.572 0.6578 0.1969, -1.572 0.6578 0.0, -1.6067 0.6623 0.1969, -1.6067 0.6623 0.0, -1.6389 0.6757 0.1969, -1.6389 0.6757 0.0, -1.6666 0.6969 0.1969, -1.6666 0.6969 0.0, -1.6879 0.7246 0.1969, -1.6879 0.7246 0.0, -1.7012 0.7569 0.1969, -1.7012 0.7569 0.0, -1.7058 0.7915 0.1969, -1.7058 0.7915 0.0, -1.7058 1.0039 0.1969, -1.7058 1.0039 0.0, -1.9299 1.0039 0.1969, -1.9299 1.0039 0.0, -1.9299 1.0376 0.1969, -1.9299 1.0376 0.0, -2.1764 1.0376 0.1969, -2.1764 1.0376 0.0, -2.1764 1.0039 0.1969, -2.1764 1.0039 0.0, -2.4071 0.7733 0.1969, -2.4071 0.7733 0.0
            ]
        }
        coordIndex [
            0,1,2,-1,2,1,3,-1,4,0,5,-1,5,0,2,-1,6,4,7,-1,7,4,5,-1,8,6,9,-1,9,6,7,-1,10,8,11,-1,11,8,9,-1,12,10,13,-1,13,10,11,-1,12,13,14,-1,14,13,15,-1,14,15,16,-1,16,15,17,-1,16,17,18,-1,18,17,19,-1,18,19,20,-1,20,19,21,-1,20,21,22,-1,22,21,23,-1,22,23,24,-1,24,23,25,-1,24,25,26,-1,26,25,27,-1,26,27,28,-1,28,27,29,-1,28,29,30,-1,30,29,31,-1,30,31,32,-1,32,31,33,-1,32,33,34,-1,34,33,35,-1,34,35,36,-1,36,35,37,-1,38,36,39,-1,39,36,37,-1,40,38,41,-1,41,38,39,-1,42,40,43,-1,43,40,41,-1,42,43,44,-1,44,43,45,-1,44,45,46,-1,46,45,47,-1,46,47,48,-1,48,47,49,-1,48,49,50,-1,50,49,51,-1,50,51,52,-1,52,51,53,-1,52,53,54,-1,54,53,55,-1,56,54,57,-1,57,54,55,-1,58,56,59,-1,59,56,57,-1,60,58,61,-1,61,58,59,-1,60,61,62,-1,62,61,63,-1,62,63,64,-1,64,63,65,-1,64,65,66,-1,66,65,67,-1,66,67,68,-1,68,67,69,-1,68,69,70,-1,70,69,71,-1,70,71,72,-1,72,71,73,-1,74,72,75,-1,75,72,73,-1,76,74,77,-1,77,74,75,-1,78,76,79,-1,79,76,77,-1,78,79,80,-1,80,79,81,-1,80,81,82,-1,82,81,83,-1,82,83,84,-1,84,83,85,-1,84,85,86,-1,86,85,87,-1,86,87,88,-1,88,87,89,-1,88,89,90,-1,90,89,91,-1,90,91,92,-1,92,91,93,-1,92,93,94,-1,94,93,95,-1,94,95,96,-1,96,95,97,-1,96,97,98,-1,98,97,99,-1,98,99,100,-1,100,99,101,-1,100,101,102,-1,102,101,103,-1,104,102,105,-1,105,102,103,-1,106,104,107,-1,107,104,105,-1,108,106,109,-1,109,106,107,-1,110,108,111,-1,111,108,109,-1,112,110,113,-1,113,110,111,-1,114,112,115,-1,115,112,113,-1,1,114,3,-1,3,114,115,-1,102,104,106,-1,106,108,110,-1,78,80,68,-1,80,82,68,-1,68,82,84,-1,68,84,66,-1,1,94,96,-1,58,60,56,-1,56,60,62,-1,56,62,84,-1,84,62,64,-1,84,64,66,-1,100,102,114,-1,114,102,106,-1,114,106,112,-1,112,106,110,-1,74,76,72,-1,72,76,78,-1,72,78,70,-1,70,78,68,-1,4,6,0,-1,0,6,8,-1,0,8,1,-1,1,8,10,-1,1,10,12,-1,20,22,94,-1,1,96,114,-1,114,96,98,-1,114,98,100,-1,12,14,1,-1,1,14,16,-1,1,16,94,-1,94,16,18,-1,94,18,20,-1,84,86,26,-1,26,86,88,-1,26,88,24,-1,24,88,90,-1,24,90,22,-1,22,90,92,-1,22,92,94,-1,32,50,52,-1,36,38,40,-1,26,28,84,-1,84,28,30,-1,84,30,56,-1,56,30,32,-1,56,32,54,-1,54,32,52,-1,40,42,36,-1,36,42,44,-1,36,44,34,-1,34,44,46,-1,34,46,32,-1,32,46,48,-1,32,48,50,-1,61,59,57,-1,7,5,9,-1,9,5,2,-1,9,2,3,-1,87,85,27,-1,19,17,3,-1,111,109,113,-1,113,109,107,-1,113,107,115,-1,115,107,105,-1,115,105,103,-1,69,67,85,-1,85,67,65,-1,85,65,57,-1,57,65,63,-1,57,63,61,-1,103,101,115,-1,115,101,99,-1,115,99,3,-1,21,19,95,-1,95,19,3,-1,95,3,97,-1,97,3,99,-1,27,85,29,-1,11,9,13,-1,13,9,3,-1,13,3,15,-1,15,3,17,-1,79,77,75,-1,85,83,69,-1,69,83,81,-1,69,81,71,-1,71,81,79,-1,71,79,73,-1,73,79,75,-1,57,55,33,-1,33,55,53,-1,33,53,51,-1,57,33,85,-1,85,33,31,-1,85,31,29,-1,21,95,23,-1,23,95,93,-1,23,93,25,-1,25,93,91,-1,25,91,27,-1,27,91,89,-1,27,89,87,-1,51,49,33,-1,33,49,47,-1,33,47,35,-1,35,47,37,-1,41,39,43,-1,43,39,37,-1,43,37,45,-1,45,37,47,-1,
        ]
    }
}
Shape{
    appearance Appearance {
        material  Material 	{
            diffuseColor 0.2235294117647059 0.2235294117647059 0.2235294117647059
            specularColor 0.11372549019607843 0.11372549019607843 0.11372549019607843
            ambientIntensity 0.2235
            transparency 0.0
            shininess 0.5
        }
    }
    geometry IndexedFaceSet {
        ccw TRUE
        solid FALSE
        coord DEF co Coordinate {
            point [
                -0.8977 1.2795 0.4705, -0.8879 1.2795 0.4696, -0.9042 1.2795 0.4696, -0.8776 1.2795 0.5508, -0.8791 1.2795 0.551, -0.851 1.2795 0.551, -0.9042 1.2795 0.5499, -0.9042 1.2795 0.551, -0.9006 1.2795 0.551, -1.0936 1.2795 0.5493, -1.1233 1.2795 0.4696, -1.1488 1.2795 0.4696, -0.727 1.2795 0.4602, -0.7323 1.2795 0.4467, -0.7688 1.2795 0.4467, -0.5057 1.2795 0.422, -0.5755 1.2795 0.422, -0.5785 1.2795 0.4236, -0.5182 1.2795 0.5612, -0.5239 1.2795 0.5634, 0.3488 1.2795 0.5634, -0.6403 1.2795 0.551, -0.65 1.2795 0.5444, -0.7688 1.2795 0.551, -0.6527 1.2795 0.5418, -0.6705 1.2795 0.5196, -0.6804 1.2795 0.4992, -0.6833 1.2795 0.4982, -0.6248 1.2795 0.5616, -0.7688 1.2795 0.5634, -0.6198 1.2795 0.5634, -0.5445 1.2795 0.5712, -0.7688 1.2795 0.9055, -0.5728 1.2795 0.5745, -0.5963 1.2795 0.5719, 0.3488 1.2795 0.5906, 0.289 1.2795 0.9055, 0.3488 1.2795 0.551, -0.5022 1.2795 0.551, -0.5043 1.2795 0.5528, -0.4004 1.2795 0.5023, -0.4052 1.2795 0.5067, -0.4235 1.2795 0.5191, -0.4447 1.2795 0.5268, -0.466 1.2795 0.5292, -0.4909 1.2795 0.5414, -0.4726 1.2795 0.5288, -0.4791 1.2795 0.5279, 0.3488 1.2795 0.4696, 0.3488 1.2795 0.4467, -0.3739 1.2795 0.4467, -0.3777 1.2795 0.4655, -0.3796 1.2795 0.4696, -0.3871 1.2795 0.4857, 0.3488 1.2795 0.422, -0.3747 1.2795 0.4236, 0.3488 1.2795 0.4236, -0.3732 1.2795 0.4376, -0.3734 1.2795 0.4441, -0.6223 1.2795 0.3785, -0.6262 1.2795 0.38, -0.6331 1.2795 0.4124, -0.6188 1.2795 0.376, -0.6306 1.2795 0.3805, -0.6312 1.2795 0.3805, -0.6329 1.2795 0.3801, -0.6129 1.2795 0.363, -0.613 1.2795 0.3653, -0.5532 1.2795 0.3708, -0.6142 1.2795 0.3696, -0.6164 1.2795 0.3735, -0.4131 1.2795 0.3609, -0.3966 1.2795 0.3754, 0.289 1.2795 0.0, -0.3832 1.2795 0.3951, 0.3488 1.2795 0.3937, -0.3755 1.2795 0.4164, -0.3749 1.2795 0.422, -0.6261 1.2795 0.3458, -0.6223 1.2795 0.3473, -0.5494 1.2795 0.3453, -0.6186 1.2795 0.35, -0.6173 1.2795 0.3513, -0.6149 1.2795 0.3549, -0.6134 1.2795 0.3588, -0.5528 1.2795 0.3593, -0.5531 1.2795 0.3652, -0.4801 1.2795 0.3109, -0.4671 1.2795 0.3165, -0.456 1.2795 0.325, -0.4476 1.2795 0.3355, -0.6892 1.2795 0.3939, -0.6955 1.2795 0.4027, -0.6995 1.2795 0.4128, -0.6276 1.2795 0.422, -0.7688 1.2795 0.4236, -0.736 1.2795 0.422, -0.7688 1.2795 0.422, -0.7335 1.2795 0.4039, -0.7688 1.2795 0.0, -0.7262 1.2795 0.3859, -0.7148 1.2795 0.3703, -0.5337 1.2795 0.3228, -0.5223 1.2795 0.315, -0.442 1.2795 0.3477, -0.4334 1.2795 0.3504, -0.6341 1.2795 0.3799, -0.6597 1.2795 0.3798, -0.6699 1.2795 0.3816, -0.6992 1.2795 0.3573, -0.6818 1.2795 0.3489, -0.6628 1.2795 0.345, -0.68 1.2795 0.3862, -0.6884 1.2795 0.393, -0.5425 1.2795 0.3326, -0.6293 1.2795 0.3453, -0.5096 1.2795 0.3102, -0.4958 1.2795 0.3086, -0.4936 1.2795 0.3087, -0.7007 1.2795 0.422, -0.7009 1.2795 0.4236, -0.6267 1.2795 0.4236, -0.701 1.2795 0.4239, -0.4114 1.2795 0.4236, -0.4096 1.2795 0.4298, -0.6157 1.2795 0.4427, -0.409 1.2795 0.4385, -0.4101 1.2795 0.4467, -0.7007 1.2795 0.4288, -0.6982 1.2795 0.4398, -0.6945 1.2795 0.4467, -0.5172 1.2795 0.4191, -0.5293 1.2795 0.4125, -0.5392 1.2795 0.4034, -0.4704 1.2795 0.4168, -0.483 1.2795 0.4215, -0.4118 1.2795 0.422, -0.4879 1.2795 0.422, -0.4966 1.2795 0.4231, -0.5035 1.2795 0.4226, -0.4136 1.2795 0.4158, -0.4492 1.2795 0.3981, -0.4587 1.2795 0.4088, -0.4203 1.2795 0.4041, -0.4305 1.2795 0.3936, -0.4428 1.2795 0.3859, -0.6523 1.2795 0.4686, -0.4158 1.2795 0.4649, -0.4108 1.2795 0.4522, -0.6569 1.2795 0.4686, -0.6929 1.2795 0.4496, -0.6864 1.2795 0.4571, -0.6776 1.2795 0.4633, -0.6677 1.2795 0.4672, -0.6403 1.2795 0.5029, -0.6276 1.2795 0.5183, -0.4965 1.2795 0.4862, -0.6261 1.2795 0.5197, -0.6102 1.2795 0.5309, -0.5053 1.2795 0.5042, -0.4191 1.2795 0.4696, -0.4924 1.2795 0.4885, -0.6521 1.2795 0.4696, -0.649 1.2795 0.4845, -0.4796 1.2795 0.4933, -0.4664 1.2795 0.495, -0.4605 1.2795 0.4947, -0.5182 1.2795 0.5193, -0.5924 1.2795 0.5379, -0.5335 1.2795 0.5304, -0.5731 1.2795 0.5404, -0.5522 1.2795 0.5378, -0.4464 1.2795 0.4915, -0.4337 1.2795 0.4849, -0.4238 1.2795 0.4762, -0.7338 1.2795 0.4428, -0.7363 1.2795 0.4242, -0.7362 1.2795 0.4236, -0.7001 1.2795 0.4897, -0.7155 1.2795 0.4765, -0.7688 1.2795 0.4696, -0.7203 1.2795 0.4696, -1.1265 1.2795 0.4172, -1.1488 1.2795 0.422, -1.1168 1.2795 0.4208, -1.1063 1.2795 0.422, -1.1444 1.2795 0.3685, -1.1404 1.2795 0.3602, -1.1488 1.2795 0.0, -1.1344 1.2795 0.3532, -1.126 1.2795 0.3473, -1.1348 1.2795 0.4114, -1.1376 1.2795 0.4087, -1.1425 1.2795 0.4017, -1.1454 1.2795 0.394, -1.1467 1.2795 0.3829, -1.1464 1.2795 0.3778, -1.1169 1.2795 0.3437, -1.1032 1.2795 0.3422, -1.0737 1.2795 0.0, -1.0812 1.2795 0.3423, -1.0737 1.2795 0.422, -1.0818 1.2795 0.422, -1.0737 1.2795 0.4236, -1.0818 1.2795 0.4224, -1.1046 1.2795 0.4222, -1.1488 1.2795 0.4236, -1.0623 1.2795 0.3877, -1.0623 1.2795 0.3785, -1.0662 1.2795 0.3516, -1.0494 1.2795 0.3517, -1.0648 1.2795 0.422, -1.0648 1.2795 0.4133, -1.0494 1.2795 0.3878, -1.0661 1.2795 0.3424, -1.0494 1.2795 0.0, -1.0494 1.2795 0.3786, -1.0336 1.2795 0.3787, -1.0334 1.2795 0.3518, -1.0494 1.2795 0.4134, -1.0339 1.2795 0.4135, -1.0337 1.2795 0.3879, -1.0648 1.2795 0.4225, -1.0494 1.2795 0.4236, -0.9743 1.2795 0.4236, -1.0236 1.2795 0.4228, -1.0494 1.2795 0.4226, -0.9743 1.2795 0.3845, -0.9836 1.2795 0.3572, -0.9863 1.2795 0.3571, -0.9848 1.2795 0.3525, -0.985 1.2795 0.3525, -0.9855 1.2795 0.3545, -0.9743 1.2795 0.422, -1.0022 1.2795 0.4001, -1.0236 1.2795 0.422, -1.0126 1.2795 0.4, -1.023 1.2795 0.3427, -0.9862 1.2795 0.3344, -0.9816 1.2795 0.3256, -0.9779 1.2795 0.3212, -0.9772 1.2795 0.3206, -0.9743 1.2795 0.3186, -0.9135 1.2795 0.3455, -0.9136 1.2795 0.3559, -0.9042 1.2795 0.422, -0.9042 1.2795 0.0, -0.9186 1.2795 0.0, -0.9186 1.2795 0.3437, -0.918 1.2795 0.3532, -0.9186 1.2795 0.353, -0.9186 1.2795 0.3743, -0.9166 1.2795 0.3762, -0.9153 1.2795 0.3783, -0.9143 1.2795 0.3814, -0.9138 1.2795 0.3853, -0.9143 1.2795 0.3888, -0.9183 1.2795 0.3745, -0.9205 1.2795 0.343, -0.9489 1.2795 0.3683, -0.9508 1.2795 0.3655, -0.9497 1.2795 0.3895, -0.9522 1.2795 0.3588, -0.9517 1.2795 0.3548, -0.955 1.2795 0.0, -0.9204 1.2795 0.3974, -0.9228 1.2795 0.3989, -0.9186 1.2795 0.422, -0.9155 1.2795 0.3921, -0.9174 1.2795 0.3948, -0.9186 1.2795 0.3958, -0.9282 1.2795 0.401, -0.9362 1.2795 0.4019, -0.955 1.2795 0.422, -0.9433 1.2795 0.4012, -0.9498 1.2795 0.3992, -0.9505 1.2795 0.3516, -0.9486 1.2795 0.349, -0.9457 1.2795 0.3465, -0.9433 1.2795 0.3451, -0.9381 1.2795 0.3431, -0.929 1.2795 0.3421, -0.9352 1.2795 0.3937, -0.9322 1.2795 0.3935, -0.9242 1.2795 0.3861, -0.9295 1.2795 0.3928, -0.9273 1.2795 0.3916, -0.9243 1.2795 0.3848, -0.9247 1.2795 0.3832, -0.9254 1.2795 0.3818, -0.9263 1.2795 0.3808, -0.9299 1.2795 0.3785, -0.9412 1.2795 0.3931, -0.936 1.2795 0.3758, -0.9469 1.2795 0.3911, -0.9399 1.2795 0.3742, -0.9466 1.2795 0.3704, -0.9258 1.2795 0.3903, -0.9249 1.2795 0.389, -0.9244 1.2795 0.3877, -0.9243 1.2795 0.3509, -0.9289 1.2795 0.3685, -0.923 1.2795 0.3713, -0.93 1.2795 0.3502, -0.9305 1.2795 0.3502, -0.9355 1.2795 0.3657, -0.9356 1.2795 0.3508, -0.9419 1.2795 0.3579, -0.9418 1.2795 0.3591, -0.9382 1.2795 0.3517, -0.9391 1.2795 0.3523, -0.9403 1.2795 0.3533, -0.9412 1.2795 0.3546, -0.9417 1.2795 0.356, -0.9414 1.2795 0.3607, -0.9406 1.2795 0.362, -0.9394 1.2795 0.3634, -1.1488 1.2795 0.551, -1.0737 1.2795 0.551, -1.0825 1.2795 0.5494, -1.0494 1.2795 0.4696, -1.0515 1.2795 0.4696, -1.0737 1.2795 0.5267, -1.0515 1.2795 0.4696, -1.0494 1.2795 0.4467, -1.0629 1.2795 0.4695, -1.0737 1.2795 0.4467, -1.0629 1.2795 0.4696, -1.0737 1.2795 0.4696, -1.0737 1.2795 0.4913, -1.0707 1.2795 0.4913, -1.1041 1.2795 0.4911, -1.1119 1.2795 0.4696, -1.1121 1.2795 0.4691, -1.1235 1.2795 0.4691, -1.1488 1.2795 0.4467, -0.955 1.2795 0.5155, -0.963 1.2795 0.5154, -0.9654 1.2795 0.541, -0.955 1.2795 0.551, -0.9655 1.2795 0.5502, -0.9743 1.2795 0.551, -0.9743 1.2795 0.4696, -0.9629 1.2795 0.5063, -0.955 1.2795 0.5063, -0.9343 1.2795 0.5065, -0.955 1.2795 0.4794, -0.9341 1.2795 0.4795, -0.955 1.2795 0.5411, -0.9345 1.2795 0.5413, -0.9343 1.2795 0.5156, -0.9237 1.2795 0.4705, -0.9186 1.2795 0.4696, -0.955 1.2795 0.4696, -0.9668 1.2795 0.4793, -0.9667 1.2795 0.4702, -0.955 1.2795 0.4702, -0.9186 1.2795 0.551, -0.9242 1.2795 0.5505, -0.955 1.2795 0.5503, -0.8131 1.2795 0.5513, -0.8131 1.2795 0.551, -0.8462 1.2795 0.551, -0.8126 1.2795 0.4804, -0.8445 1.2795 0.4802, -0.8444 1.2795 0.471, -0.8462 1.2795 0.4696, -0.8022 1.2795 0.4713, -0.8462 1.2795 0.5634, -0.8028 1.2795 0.5514, -0.8028 1.2795 0.551, -1.5197 1.2795 0.422, -1.7944 1.2795 0.422, -1.7943 1.2795 0.4236, -1.8165 1.2795 0.1969, -1.5197 1.2795 0.0, -1.8165 1.2795 0.0, -0.9082 1.2795 0.5487, -0.9081 1.2795 0.5379, -0.8908 1.2795 0.4787, -0.8998 1.2795 0.4803, -0.9042 1.2795 0.5396, -0.9042 1.2795 0.4822, -0.9072 1.2795 0.5384, -0.9077 1.2795 0.4838, -0.8893 1.2795 0.5428, -0.8588 1.2795 0.5101, -0.8991 1.2795 0.5416, -0.885 1.2795 0.5426, -0.8782 1.2795 0.5411, -0.872 1.2795 0.538, -0.859 1.2795 0.5058, -0.8604 1.2795 0.4981, -0.8631 1.2795 0.4918, -0.8674 1.2795 0.5341, -0.863 1.2795 0.528, -0.8602 1.2795 0.5211, -0.8665 1.2795 0.4872, -0.8681 1.2795 0.4856, -0.8733 1.2795 0.4819, -0.879 1.2795 0.4796, -0.887 1.2795 0.4786, -0.8893 1.2795 0.5521, -0.8998 1.2795 0.5512, -0.9042 1.2795 0.5634, -0.851 1.2795 0.5264, -0.8539 1.2795 0.533, -0.8597 1.2795 0.5406, -0.8617 1.2795 0.5424, -0.8692 1.2795 0.5476, -0.85 1.2795 0.5241, -0.8481 1.2795 0.5137, -0.848 1.2795 0.5095, -0.858 1.2795 0.4805, -0.8527 1.2795 0.4881, -0.851 1.2795 0.4696, -0.851 1.2795 0.4925, -0.8495 1.2795 0.4964, -0.8806 1.2795 0.4697, -0.872 1.2795 0.4715, -0.8644 1.2795 0.4751, -0.8855 1.2795 0.4694, -0.9042 1.2795 0.4467, -0.8814 1.2795 0.4696, -0.851 1.2795 0.4467, -0.9077 1.2795 0.4739, -0.9063 1.2795 0.4732, -0.9042 1.2795 0.4726, -0.8462 1.2795 0.422, -0.8431 1.2795 0.422, -0.843 1.2795 0.4149, -0.8405 1.2795 0.3801, -0.8119 1.2795 0.3803, -0.8117 1.2795 0.3534, -0.8444 1.2795 0.3531, -0.8444 1.2795 0.344, -0.8121 1.2795 0.4151, -0.8119 1.2795 0.3895, -0.8406 1.2795 0.3893, -0.8431 1.2795 0.4241, -0.8431 1.2795 0.4236, -0.8462 1.2795 0.4236, -0.8462 1.2795 0.4467, -0.8019 1.2795 0.4244, -0.8018 1.2795 0.4236, -0.8018 1.2795 0.422, -0.9592 1.2795 0.3171, -0.9593 1.2795 0.326, -0.969 1.2795 0.4003, -0.9577 1.2795 0.4004, -0.9518 1.2795 0.3625, -1.0494 1.2795 0.3426, -0.9743 1.2795 0.0, -0.9737 1.2795 0.3181, -0.9743 1.2795 0.3573, -0.9714 1.2795 0.3271, -0.9732 1.2795 0.3291, -0.9697 1.2795 0.3166, -0.9657 1.2795 0.3162, -0.9635 1.2795 0.3163, -0.9613 1.2795 0.3253, -0.965 1.2795 0.3248, -0.9676 1.2795 0.3251, -0.9698 1.2795 0.326, -0.9743 1.2795 0.3311, -0.9753 1.2795 0.3328, -0.9798 1.2795 0.3432, -1.1623 1.2795 0.3418, -1.1508 1.2795 0.3418, -1.1819 1.2795 0.4217, -1.193 1.2795 0.4216, -1.2229 1.2795 0.3413, -1.2115 1.2795 0.3414, -1.2035 1.2795 0.3634, -1.1701 1.2795 0.3636, -1.5197 1.2795 0.4236, -1.792 1.2795 0.4467, -1.5197 1.2795 0.4467, -1.5197 1.2795 0.4696, -1.7898 1.2795 0.4696, -1.7818 1.2795 0.551, -1.5197 1.2795 0.551, -1.7806 1.2795 0.5634, -1.0471 1.2795 0.5056, -1.045 1.2795 0.4962, -1.0431 1.2795 0.5294, -1.0461 1.2795 0.5217, -1.0494 1.2795 0.551, -1.0473 1.2795 0.5107, -1.041 1.2795 0.4879, -1.035 1.2795 0.4809, -1.0267 1.2795 0.475, -1.0053 1.2795 0.55, -1.0175 1.2795 0.5485, -1.0271 1.2795 0.5449, -1.0175 1.2795 0.4715, -1.0039 1.2795 0.4699, -0.9818 1.2795 0.4701, -0.9824 1.2795 0.5501, -1.0355 1.2795 0.5391, -1.0382 1.2795 0.5364, -0.9186 1.2795 0.4467, -0.955 1.2795 0.4467, -0.9743 1.2795 0.4467, -0.9186 1.2795 0.5634, -0.955 1.2795 0.5634, -0.9743 1.2795 0.5634, -1.0494 1.2795 0.5634, -1.0737 1.2795 0.5634, -1.1488 1.2795 0.5634, -1.5197 1.2795 0.5634, -1.747 1.2795 0.9055, -0.8558 1.2795 0.3676, -0.8579 1.2795 0.3708, -0.8598 1.2795 0.3873, -0.8992 1.2795 0.3888, -0.9002 1.2795 0.3804, -0.8999 1.2795 0.3436, -0.851 1.2795 0.0, -0.8899 1.2795 0.3437, -0.8821 1.2795 0.3937, -0.8786 1.2795 0.3941, -0.8732 1.2795 0.3778, -0.8608 1.2795 0.3735, -0.8649 1.2795 0.3757, -0.8668 1.2795 0.3916, -0.8731 1.2795 0.3936, -0.8796 1.2795 0.4023, -0.8694 1.2795 0.4011, -0.851 1.2795 0.422, -0.862 1.2795 0.3982, -0.8599 1.2795 0.3971, -0.8866 1.2795 0.4015, -0.8906 1.2795 0.4, -0.8937 1.2795 0.398, -0.8546 1.2795 0.3542, -0.8541 1.2795 0.3592, -0.8955 1.2795 0.3963, -0.8976 1.2795 0.3932, -0.8622 1.2795 0.3447, -0.8589 1.2795 0.3471, -0.8545 1.2795 0.3639, -0.8901 1.2795 0.38, -0.8898 1.2795 0.3845, -0.8888 1.2795 0.388, -0.8876 1.2795 0.3901, -0.858 1.2795 0.3479, -0.8559 1.2795 0.3509, -0.8774 1.2795 0.343, -0.8721 1.2795 0.3425, -0.8661 1.2795 0.3432, -0.8861 1.2795 0.3917, -0.8844 1.2795 0.3929, -0.8899 1.2795 0.3525, -0.8897 1.2795 0.3525, -0.8878 1.2795 0.3498, -0.8845 1.2795 0.3465, -0.8815 1.2795 0.3445, -0.8013 1.2795 0.3443, -0.8462 1.2795 0.0, -0.851 1.2795 0.4236, -0.9042 1.2795 0.4236, -0.9186 1.2795 0.4236, -0.955 1.2795 0.4236, -0.851 1.2795 0.5634, -0.8892 1.2795 0.5521, -1.5197 1.2795 0.9055, -1.1488 1.2795 0.9055, -1.0737 1.2795 0.9055, -1.0494 1.2795 0.9055, -0.9743 1.2795 0.9055, -0.955 1.2795 0.9055, -0.9186 1.2795 0.9055, -0.9042 1.2795 0.9055, -0.851 1.2795 0.9055, -0.8462 1.2795 0.9055
            ]
        }
        coordIndex [
            0,1,2,-1,3,4,5,-1,6,7,8,-1,9,10,11,-1,12,13,14,-1,15,16,17,-1,18,19,20,-1,21,22,23,-1,23,22,24,-1,24,25,23,-1,23,25,26,-1,23,26,27,-1,21,23,28,-1,28,23,29,-1,28,29,30,-1,19,31,32,-1,32,31,33,-1,32,33,34,-1,20,19,35,-1,35,19,32,-1,35,32,36,-1,37,38,20,-1,20,38,39,-1,20,39,18,-1,40,41,37,-1,41,42,37,-1,37,42,43,-1,37,43,38,-1,38,43,44,-1,38,44,45,-1,45,44,46,-1,45,46,47,-1,48,49,50,-1,50,51,48,-1,48,51,52,-1,48,52,37,-1,37,52,53,-1,37,53,40,-1,54,55,56,-1,56,55,57,-1,56,57,49,-1,49,57,58,-1,49,58,50,-1,59,60,61,-1,59,61,62,-1,60,63,61,-1,61,63,64,-1,61,64,65,-1,66,67,68,-1,68,67,69,-1,68,69,61,-1,61,69,70,-1,61,70,62,-1,71,72,73,-1,73,72,74,-1,73,74,75,-1,75,74,76,-1,75,76,54,-1,54,76,77,-1,54,77,55,-1,78,79,80,-1,80,79,81,-1,80,81,82,-1,82,83,80,-1,80,83,84,-1,80,84,85,-1,85,84,66,-1,85,66,86,-1,86,66,68,-1,87,88,73,-1,73,88,89,-1,73,89,90,-1,91,92,61,-1,61,92,93,-1,61,93,94,-1,95,96,97,-1,97,96,98,-1,97,98,99,-1,99,98,100,-1,99,100,101,-1,102,103,99,-1,90,104,73,-1,73,104,105,-1,73,105,71,-1,65,106,61,-1,61,106,107,-1,61,107,108,-1,101,109,99,-1,99,109,110,-1,99,110,111,-1,108,112,61,-1,61,112,113,-1,61,113,91,-1,102,99,114,-1,114,99,111,-1,114,111,80,-1,80,111,115,-1,80,115,78,-1,103,116,99,-1,99,116,117,-1,99,117,73,-1,73,117,118,-1,73,118,87,-1,93,119,94,-1,94,119,120,-1,94,120,121,-1,121,120,122,-1,123,17,124,-1,124,17,125,-1,124,125,126,-1,126,125,127,-1,122,128,121,-1,121,128,129,-1,121,129,125,-1,125,129,130,-1,125,130,127,-1,15,131,16,-1,16,131,132,-1,16,132,133,-1,134,135,136,-1,136,135,137,-1,136,137,123,-1,123,137,138,-1,123,138,17,-1,17,138,139,-1,17,139,15,-1,140,141,136,-1,136,141,142,-1,136,142,134,-1,140,143,141,-1,141,143,144,-1,141,144,145,-1,146,147,148,-1,148,127,146,-1,146,127,130,-1,146,130,149,-1,149,130,150,-1,150,151,149,-1,149,151,152,-1,149,152,153,-1,154,155,156,-1,155,157,156,-1,156,157,158,-1,156,158,159,-1,160,156,161,-1,147,146,160,-1,160,146,162,-1,160,162,156,-1,156,162,163,-1,156,163,154,-1,161,164,160,-1,160,164,165,-1,160,165,166,-1,159,158,167,-1,167,158,168,-1,167,168,169,-1,169,168,170,-1,169,170,171,-1,172,173,166,-1,166,173,174,-1,166,174,160,-1,175,176,95,-1,95,176,177,-1,95,177,96,-1,27,178,23,-1,23,178,179,-1,23,179,180,-1,180,179,181,-1,180,181,12,-1,182,183,184,-1,184,183,185,-1,186,187,188,-1,188,187,189,-1,188,189,190,-1,182,191,183,-1,183,191,192,-1,183,192,193,-1,193,194,183,-1,183,194,195,-1,183,195,188,-1,188,195,196,-1,188,196,186,-1,190,197,188,-1,188,197,198,-1,188,198,199,-1,199,198,200,-1,199,200,201,-1,201,200,202,-1,201,202,203,-1,202,204,203,-1,203,204,205,-1,203,205,206,-1,206,205,185,-1,207,208,209,-1,209,208,210,-1,201,211,212,-1,213,207,212,-1,212,207,209,-1,212,209,201,-1,201,209,214,-1,201,214,199,-1,199,214,215,-1,208,216,210,-1,210,216,217,-1,210,217,218,-1,212,219,213,-1,213,219,220,-1,213,220,221,-1,211,201,222,-1,222,201,203,-1,222,203,223,-1,224,225,223,-1,223,225,226,-1,223,226,222,-1,227,228,229,-1,230,231,228,-1,228,231,232,-1,228,232,229,-1,233,234,235,-1,235,234,236,-1,235,236,237,-1,237,236,238,-1,237,238,239,-1,239,240,237,-1,237,240,241,-1,237,241,242,-1,243,244,245,-1,246,247,248,-1,249,250,251,-1,252,253,244,-1,244,253,254,-1,244,254,245,-1,245,254,255,-1,245,255,256,-1,249,251,244,-1,244,251,257,-1,244,257,252,-1,248,247,258,-1,259,260,261,-1,262,263,264,-1,265,266,267,-1,256,268,245,-1,245,268,269,-1,245,269,267,-1,267,269,270,-1,267,270,265,-1,266,271,267,-1,267,271,272,-1,267,272,273,-1,272,274,273,-1,273,274,275,-1,273,275,261,-1,263,276,264,-1,264,276,277,-1,264,277,278,-1,278,279,264,-1,264,279,280,-1,264,280,247,-1,247,280,281,-1,247,281,258,-1,282,283,284,-1,284,283,285,-1,284,285,286,-1,284,287,282,-1,282,287,288,-1,282,288,289,-1,289,290,282,-1,282,290,291,-1,282,291,292,-1,292,291,293,-1,292,293,294,-1,294,293,295,-1,294,295,261,-1,261,295,296,-1,261,296,259,-1,297,298,286,-1,286,298,299,-1,286,299,284,-1,300,301,250,-1,250,301,302,-1,250,302,251,-1,300,303,301,-1,301,303,304,-1,301,304,305,-1,305,304,306,-1,305,307,308,-1,306,309,305,-1,305,309,310,-1,305,310,311,-1,311,312,305,-1,305,312,313,-1,305,313,307,-1,308,314,305,-1,305,314,315,-1,305,315,316,-1,317,318,9,-1,9,318,319,-1,320,321,322,-1,323,324,325,-1,325,324,326,-1,325,326,327,-1,326,328,327,-1,327,328,329,-1,327,329,330,-1,331,329,332,-1,332,329,328,-1,332,328,333,-1,333,328,326,-1,333,326,334,-1,334,326,335,-1,334,335,10,-1,336,337,338,-1,339,340,341,-1,341,340,338,-1,341,338,342,-1,342,338,337,-1,342,337,343,-1,344,345,346,-1,346,345,347,-1,338,348,336,-1,336,348,349,-1,336,349,350,-1,351,352,353,-1,344,346,343,-1,343,346,354,-1,343,354,342,-1,342,354,355,-1,342,355,353,-1,353,355,356,-1,353,356,351,-1,357,358,339,-1,339,358,359,-1,339,359,340,-1,360,361,362,-1,362,361,363,-1,362,363,364,-1,364,365,366,-1,366,365,367,-1,360,368,369,-1,369,368,29,-1,369,29,370,-1,370,29,23,-1,370,23,367,-1,367,23,180,-1,367,180,366,-1,371,372,373,-1,372,371,374,-1,374,371,375,-1,374,375,376,-1,7,6,357,-1,357,6,377,-1,357,377,378,-1,379,380,381,-1,381,380,382,-1,381,382,383,-1,383,382,384,-1,383,384,378,-1,378,384,352,-1,378,352,357,-1,357,352,351,-1,357,351,358,-1,385,386,387,-1,387,386,381,-1,385,388,386,-1,386,388,389,-1,386,389,390,-1,386,391,381,-1,381,391,392,-1,381,392,393,-1,390,394,386,-1,386,394,395,-1,386,395,396,-1,393,397,381,-1,381,397,398,-1,381,398,399,-1,399,400,381,-1,381,400,401,-1,381,401,379,-1,402,403,404,-1,404,403,8,-1,405,406,5,-1,5,406,407,-1,407,408,5,-1,5,408,409,-1,5,409,3,-1,405,5,410,-1,410,5,362,-1,410,362,411,-1,364,366,362,-1,362,366,412,-1,362,412,411,-1,413,414,415,-1,415,414,416,-1,415,416,366,-1,366,416,417,-1,366,417,412,-1,418,419,415,-1,415,419,420,-1,415,420,413,-1,1,421,422,-1,422,421,423,-1,422,423,424,-1,384,425,352,-1,352,425,426,-1,352,426,2,-1,2,426,427,-1,2,427,0,-1,428,429,430,-1,431,432,433,-1,428,434,435,-1,436,437,430,-1,430,437,438,-1,430,438,428,-1,428,438,431,-1,428,431,434,-1,434,431,433,-1,439,440,441,-1,441,440,429,-1,439,442,443,-1,443,442,14,-1,443,14,444,-1,13,175,14,-1,14,175,95,-1,14,95,444,-1,444,95,97,-1,444,97,445,-1,446,447,273,-1,229,234,227,-1,227,234,233,-1,227,233,448,-1,448,233,449,-1,260,450,261,-1,261,450,262,-1,261,262,273,-1,273,262,264,-1,273,264,446,-1,214,451,215,-1,215,451,237,-1,215,237,452,-1,452,237,242,-1,452,242,453,-1,454,455,456,-1,453,457,452,-1,452,457,458,-1,452,458,264,-1,264,458,459,-1,264,459,446,-1,233,273,449,-1,449,273,447,-1,449,447,454,-1,454,447,460,-1,454,460,461,-1,461,462,454,-1,454,462,463,-1,454,463,455,-1,456,464,454,-1,454,464,465,-1,454,465,466,-1,467,468,188,-1,188,468,183,-1,183,468,469,-1,183,469,371,-1,371,469,470,-1,371,470,375,-1,375,470,471,-1,375,471,472,-1,473,474,472,-1,472,474,467,-1,472,467,375,-1,375,467,188,-1,185,183,206,-1,206,183,371,-1,206,371,475,-1,475,371,373,-1,475,373,476,-1,10,335,11,-1,11,335,477,-1,11,477,478,-1,478,477,479,-1,478,479,480,-1,9,11,317,-1,317,11,478,-1,317,478,481,-1,481,478,480,-1,481,480,482,-1,483,484,320,-1,485,486,487,-1,487,486,488,-1,484,489,320,-1,320,489,490,-1,320,490,491,-1,341,492,487,-1,487,492,493,-1,487,493,494,-1,491,495,320,-1,320,495,496,-1,320,496,342,-1,342,496,497,-1,342,497,341,-1,341,497,498,-1,341,498,492,-1,494,499,487,-1,487,499,500,-1,487,500,485,-1,319,318,322,-1,322,318,487,-1,322,487,320,-1,320,487,488,-1,320,488,483,-1,1,422,2,-1,2,422,501,-1,2,501,352,-1,352,501,502,-1,352,502,353,-1,353,502,503,-1,353,503,342,-1,342,503,324,-1,342,324,320,-1,320,324,323,-1,320,323,321,-1,8,7,404,-1,404,7,357,-1,404,357,504,-1,504,357,339,-1,504,339,505,-1,505,339,341,-1,505,341,506,-1,506,341,487,-1,506,487,507,-1,507,487,318,-1,507,318,508,-1,508,318,317,-1,508,317,509,-1,509,317,481,-1,509,481,510,-1,510,481,482,-1,510,482,511,-1,512,513,514,-1,245,515,516,-1,246,517,518,-1,518,517,519,-1,520,521,522,-1,248,243,246,-1,246,243,245,-1,246,245,517,-1,517,245,516,-1,513,523,514,-1,514,523,524,-1,514,524,525,-1,525,524,522,-1,525,522,526,-1,526,522,521,-1,527,245,528,-1,528,245,529,-1,528,529,530,-1,530,529,531,-1,527,532,245,-1,245,532,533,-1,245,533,534,-1,518,535,536,-1,534,537,245,-1,245,537,538,-1,245,538,515,-1,518,539,540,-1,531,529,514,-1,514,529,541,-1,514,541,512,-1,542,543,522,-1,522,543,544,-1,522,544,545,-1,540,546,518,-1,518,546,547,-1,518,547,535,-1,548,549,518,-1,518,549,550,-1,518,550,539,-1,545,551,522,-1,522,551,552,-1,522,552,520,-1,519,553,554,-1,554,555,519,-1,519,555,556,-1,519,556,518,-1,518,556,557,-1,518,557,548,-1,445,97,558,-1,558,97,99,-1,558,99,435,-1,435,99,559,-1,435,559,428,-1,428,559,518,-1,428,518,529,-1,529,518,536,-1,529,536,541,-1,429,428,441,-1,441,428,529,-1,441,529,560,-1,560,529,245,-1,560,245,561,-1,561,245,267,-1,561,267,562,-1,562,267,273,-1,562,273,563,-1,563,273,233,-1,563,233,224,-1,224,233,235,-1,224,235,225,-1,439,441,442,-1,442,441,560,-1,442,560,424,-1,424,560,561,-1,424,561,422,-1,422,561,562,-1,422,562,501,-1,501,562,563,-1,501,563,502,-1,502,563,224,-1,502,224,503,-1,503,224,223,-1,503,223,324,-1,324,223,203,-1,324,203,326,-1,326,203,206,-1,326,206,335,-1,335,206,475,-1,335,475,477,-1,477,475,476,-1,477,476,479,-1,360,362,368,-1,368,362,5,-1,368,5,564,-1,564,5,4,-1,564,4,404,-1,404,4,565,-1,404,565,402,-1,12,14,180,-1,180,14,442,-1,180,442,366,-1,366,442,424,-1,366,424,415,-1,415,424,423,-1,415,423,418,-1,511,566,510,-1,510,566,567,-1,510,567,509,-1,509,567,568,-1,509,568,508,-1,508,568,569,-1,508,569,507,-1,507,569,570,-1,507,570,506,-1,506,570,571,-1,506,571,505,-1,505,571,572,-1,505,572,504,-1,504,572,573,-1,504,573,404,-1,404,573,574,-1,404,574,564,-1,564,574,575,-1,564,575,368,-1,368,575,32,-1,368,32,29,-1,29,32,34,-1,29,34,30,-1,
        ]
    }
}
Shape{
    appearance Appearance {
        material  Material 	{
            diffuseColor 0.8509803921568627 0.8509803921568627 0.8509803921568627
            specularColor 0.4235294117647059 0.4235294117647059 0.4235294117647059
            ambientIntensity 0.851
            transparency 0.0
            shininess 0.5
        }
    }
    geometry IndexedFaceSet {
        ccw TRUE
        solid FALSE
        coord DEF co Coordinate {
            point [
                0.3488 -0.9016 0.3937, 0.3488 -0.9016 0.5906, 0.5281 -0.9016 0.3937, 0.5281 -0.9016 0.5906, 0.541 -0.9016 0.3923, 0.5838 -0.9016 0.5844, 0.5532 -0.9016 0.3881, 0.6369 -0.9016 0.5663, 0.5642 -0.9016 0.3814, 0.6847 -0.9016 0.537, 0.5735 -0.9016 0.3724, 0.725 -0.9016 0.4981, 0.5807 -0.9016 0.3616, 0.7559 -0.9016 0.4513, 0.5807 -1.0984 0.3616, 0.7559 -1.0984 0.4513, 0.5735 -1.0984 0.3724, 0.725 -1.0984 0.4981, 0.5642 -1.0984 0.3814, 0.6847 -1.0984 0.537, 0.5532 -1.0984 0.3881, 0.6369 -1.0984 0.5663, 0.541 -1.0984 0.3923, 0.5838 -1.0984 0.5844, 0.5281 -1.0984 0.3937, 0.5281 -1.0984 0.5906, 0.3488 -1.0984 0.3937, 0.3488 -1.0984 0.5906, 0.3488 -0.4016 0.3937, 0.3488 -0.4016 0.5906, 0.5281 -0.4016 0.3937, 0.5281 -0.4016 0.5906, 0.541 -0.4016 0.3923, 0.5838 -0.4016 0.5844, 0.5532 -0.4016 0.3881, 0.6369 -0.4016 0.5663, 0.5642 -0.4016 0.3814, 0.6847 -0.4016 0.537, 0.5735 -0.4016 0.3724, 0.725 -0.4016 0.4981, 0.5807 -0.4016 0.3616, 0.7559 -0.4016 0.4513, 0.5807 -0.5984 0.3616, 0.7559 -0.5984 0.4513, 0.5735 -0.5984 0.3724, 0.725 -0.5984 0.4981, 0.5642 -0.5984 0.3814, 0.6847 -0.5984 0.537, 0.5532 -0.5984 0.3881, 0.6369 -0.5984 0.5663, 0.541 -0.5984 0.3923, 0.5838 -0.5984 0.5844, 0.5281 -0.5984 0.3937, 0.5281 -0.5984 0.5906, 0.3488 -0.5984 0.3937, 0.3488 -0.5984 0.5906, 0.3488 0.0984 0.3937, 0.3488 0.0984 0.5906, 0.5281 0.0984 0.3937, 0.5281 0.0984 0.5906, 0.5281 -0.0984 0.5906, 0.3488 -0.0984 0.5906, 0.5281 -0.0984 0.3937, 0.3488 -0.0984 0.3937, 0.3488 0.5984 0.3937, 0.3488 0.5984 0.5906, 0.5281 0.5984 0.3937, 0.5281 0.5984 0.5906, 0.541 0.5984 0.3923, 0.5838 0.5984 0.5844, 0.5532 0.5984 0.3881, 0.6369 0.5984 0.5663, 0.5642 0.5984 0.3814, 0.6847 0.5984 0.537, 0.5735 0.5984 0.3724, 0.725 0.5984 0.4981, 0.5807 0.5984 0.3616, 0.7559 0.5984 0.4513, 0.5807 0.4016 0.3616, 0.7559 0.4016 0.4513, 0.5735 0.4016 0.3724, 0.725 0.4016 0.4981, 0.5642 0.4016 0.3814, 0.6847 0.4016 0.537, 0.5532 0.4016 0.3881, 0.6369 0.4016 0.5663, 0.541 0.4016 0.3923, 0.5838 0.4016 0.5844, 0.5281 0.4016 0.3937, 0.5281 0.4016 0.5906, 0.3488 0.4016 0.3937, 0.3488 0.4016 0.5906
            ]
        }
        coordIndex [
            0,1,2,-1,2,1,3,-1,2,3,4,-1,4,3,5,-1,4,5,6,-1,6,5,7,-1,6,7,8,-1,8,7,9,-1,8,9,10,-1,10,9,11,-1,10,11,12,-1,12,11,13,-1,14,15,16,-1,16,15,17,-1,16,17,18,-1,18,17,19,-1,18,19,20,-1,20,19,21,-1,20,21,22,-1,22,21,23,-1,22,23,24,-1,24,23,25,-1,24,25,26,-1,26,25,27,-1,28,29,30,-1,30,29,31,-1,30,31,32,-1,32,31,33,-1,32,33,34,-1,34,33,35,-1,34,35,36,-1,36,35,37,-1,36,37,38,-1,38,37,39,-1,38,39,40,-1,40,39,41,-1,42,43,44,-1,44,43,45,-1,44,45,46,-1,46,45,47,-1,46,47,48,-1,48,47,49,-1,48,49,50,-1,50,49,51,-1,50,51,52,-1,52,51,53,-1,52,53,54,-1,54,53,55,-1,56,57,58,-1,58,57,59,-1,60,61,62,-1,62,61,63,-1,64,65,66,-1,66,65,67,-1,66,67,68,-1,68,67,69,-1,68,69,70,-1,70,69,71,-1,70,71,72,-1,72,71,73,-1,72,73,74,-1,74,73,75,-1,74,75,76,-1,76,75,77,-1,78,79,80,-1,80,79,81,-1,80,81,82,-1,82,81,83,-1,82,83,84,-1,84,83,85,-1,84,85,86,-1,86,85,87,-1,86,87,88,-1,88,87,89,-1,88,89,90,-1,90,89,91,-1,
        ]
    }
}
Shape{
    appearance Appearance {
        material  Material 	{
            diffuseColor 0.2235294117647059 0.2235294117647059 0.2235294117647059
            specularColor 0.11372549019607843 0.11372549019607843 0.11372549019607843
            ambientIntensity 0.2235
            transparency 0.0
            shininess 0.5
        }
    }
    geometry IndexedFaceSet {
        ccw TRUE
        solid FALSE
        coord DEF co Coordinate {
            point [
                0.3488 -1.2795 0.5906, 0.3488 -1.2795 0.3937, 0.3488 -1.0984 0.5906, 0.3488 -1.0984 0.3937, 0.3488 -0.9016 0.3937, 0.3488 -0.5984 0.3937, 0.3488 -0.9016 0.5906, 0.3488 -0.5984 0.5906, 0.3488 -0.4016 0.3937, 0.3488 -0.0984 0.3937, 0.3488 -0.4016 0.5906, 0.3488 -0.0984 0.5906, 0.3488 0.0984 0.3937, 0.3488 0.4016 0.3937, 0.3488 0.0984 0.5906, 0.3488 0.4016 0.5906
            ]
        }
        coordIndex [
            0,1,2,-1,2,1,3,-1,4,5,6,-1,6,5,7,-1,8,9,10,-1,10,9,11,-1,12,13,14,-1,14,13,15,-1,
        ]
    }
}
Shape{
    appearance Appearance {
        material  Material 	{
            diffuseColor 0.8509803921568627 0.8509803921568627 0.8509803921568627
            specularColor 0.4235294117647059 0.4235294117647059 0.4235294117647059
            ambientIntensity 0.851
            transparency 0.0
            shininess 0.5
        }
    }
    geometry IndexedFaceSet {
        ccw TRUE
        solid FALSE
        coord DEF co Coordinate {
            point [
                0.3488 1.0984 0.3937, 0.3488 1.0984 0.5906, 0.5281 1.0984 0.3937, 0.5281 1.0984 0.5906, 0.541 1.0984 0.3923, 0.5838 1.0984 0.5844, 0.5532 1.0984 0.3881, 0.6369 1.0984 0.5663, 0.5642 1.0984 0.3814, 0.6847 1.0984 0.537, 0.5735 1.0984 0.3724, 0.725 1.0984 0.4981, 0.5807 1.0984 0.3616, 0.7559 1.0984 0.4513, 0.5807 0.9016 0.3616, 0.7559 0.9016 0.4513, 0.5735 0.9016 0.3724, 0.725 0.9016 0.4981, 0.5642 0.9016 0.3814, 0.6847 0.9016 0.537, 0.5532 0.9016 0.3881, 0.6369 0.9016 0.5663, 0.541 0.9016 0.3923, 0.5838 0.9016 0.5844, 0.5281 0.9016 0.3937, 0.5281 0.9016 0.5906, 0.3488 0.9016 0.3937, 0.3488 0.9016 0.5906
            ]
        }
        coordIndex [
            0,1,2,-1,2,1,3,-1,2,3,4,-1,4,3,5,-1,4,5,6,-1,6,5,7,-1,6,7,8,-1,8,7,9,-1,8,9,10,-1,10,9,11,-1,10,11,12,-1,12,11,13,-1,14,15,16,-1,16,15,17,-1,16,17,18,-1,18,17,19,-1,18,19,20,-1,20,19,21,-1,20,21,22,-1,22,21,23,-1,22,23,24,-1,24,23,25,-1,24,25,26,-1,26,25,27,-1,
        ]
    }
}
Shape{
    appearance Appearance {
        material  Material 	{
            diffuseColor 0.2235294117647059 0.2235294117647059 0.2235294117647059
            specularColor 0.11372549019607843 0.11372549019607843 0.11372549019607843
            ambientIntensity 0.2235
            transparency 0.0
            shininess 0.5
        }
    }
    geometry IndexedFaceSet {
        ccw TRUE
        solid FALSE
        coord DEF co Coordinate {
            point [
                0.3488 0.5984 0.3937, 0.3488 0.9016 0.3937, 0.3488 0.5984 0.5906, 0.3488 0.9016 0.5906, -1.8165 -1.2795 0.0, -1.8165 -1.2795 0.1969, -1.8165 -1.004 0.0, -1.8165 -1.004 0.1969, -1.8165 1.2795 0.1969, -1.8165 1.2795 0.0, -1.8165 1.0039 0.1969, -1.8165 1.0039 0.0, 0.289 -1.2795 0.0, -1.7058 -1.004 0.0, -1.4383 -0.7915 0.0, -1.7058 -0.7915 0.0, -1.7012 -0.7569 0.0, -1.4383 -1.004 0.0, -1.2904 -1.004 0.0, -1.2904 -0.8977 0.0, -1.6879 -0.7247 0.0, -1.6666 -0.697 0.0, -1.6389 -0.6757 0.0, -1.1397 -0.7471 0.0, -1.2853 -0.8588 0.0, -1.4383 1.0039 0.0, -1.2904 1.0039 0.0, 0.289 1.2795 0.0, -1.6067 -0.6624 0.0, -1.572 -0.6578 0.0, -1.4429 -0.7569 0.0, -1.5374 -0.6624 0.0, -1.5052 -0.6757 0.0, -1.4775 -0.697 0.0, -1.4562 -0.7247 0.0, -1.2702 -0.8224 0.0, -1.2463 -0.7912 0.0, -1.572 0.6578 0.0, -1.6067 0.6623 0.0, -1.4383 0.7915 0.0, -1.2151 -0.7673 0.0, -1.1787 -0.7522 0.0, -1.4562 0.7246 0.0, -1.4775 0.6969 0.0, -1.5052 0.6757 0.0, -1.2702 0.8224 0.0, -1.2853 0.8587 0.0, -1.2463 0.7912 0.0, -1.2904 0.8977 0.0, -1.2151 0.7672 0.0, -1.4429 0.7569 0.0, -1.7058 1.0039 0.0, -1.7058 0.7915 0.0, -1.7012 0.7569 0.0, -1.6879 0.7246 0.0, -0.4942 -0.7471 0.0, -0.4942 0.7471 0.0, -1.1397 0.7471 0.0, -1.1787 0.7522 0.0, -1.5374 0.6623 0.0, -1.6389 0.6757 0.0, -1.6666 0.6969 0.0, 0.3488 1.0984 0.3937, 0.3488 1.2795 0.3937, 0.3488 1.0984 0.5906, 0.3488 1.2795 0.5906, 0.3488 -1.2795 0.5906, 0.289 -1.2795 0.9055, -1.747 -1.2795 0.9055, 0.3488 -1.2795 0.3937, -0.0592 0.1255 0.9055, -0.0342 0.065 0.9055, 0.289 1.2795 0.9055, -0.0256 -0.0 0.9055, -0.0342 -0.065 0.9055, -0.4022 -0.2174 0.9055, -0.4542 -0.1775 0.9055, -0.4022 0.2174 0.9055, -0.3416 0.2425 0.9055, -1.747 1.2795 0.9055, -0.0592 -0.1255 0.9055, -0.0991 -0.1775 0.9055, -0.1511 -0.2174 0.9055, -0.2117 -0.2425 0.9055, -0.2767 -0.2511 0.9055, -0.3416 -0.2425 0.9055, -0.4941 -0.1255 0.9055, -0.5192 -0.065 0.9055, -0.5277 -0.0 0.9055, -0.5192 0.065 0.9055, -0.2767 0.251 0.9055, -0.2117 0.2425 0.9055, -0.4941 0.1255 0.9055, -0.4542 0.1775 0.9055, -0.1511 0.2174 0.9055, -0.0991 0.1775 0.9055, 0.3488 0.4016 0.3937, 0.3488 0.0984 0.3937, 0.3488 -0.0984 0.3937, 0.3488 -0.4016 0.3937, 0.3488 -0.5984 0.3937, 0.3488 -0.9016 0.3937, 0.3488 -1.0984 0.3937, 0.3488 -1.0984 0.5906, 0.3488 -0.9016 0.5906, 0.3488 -0.5984 0.5906, 0.3488 -0.4016 0.5906, 0.3488 -0.0984 0.5906, 0.3488 0.0984 0.5906, 0.3488 0.4016 0.5906, -1.7058 -1.004 0.1969, -1.7058 1.0039 0.1969, -1.1397 0.7471 0.1969, -0.4942 0.7471 0.1969, -0.4942 -0.7471 0.1969, -1.6666 0.6969 0.1969, -1.6389 0.6757 0.1969, -1.5052 0.6757 0.1969, -1.4775 0.6969 0.1969, -1.5374 -0.6624 0.1969, -1.7058 0.7915 0.1969, -1.7012 0.7569 0.1969, -1.6879 0.7246 0.1969, -1.6389 -0.6757 0.1969, -1.6666 -0.697 0.1969, -1.2702 0.8224 0.1969, -1.2463 0.7912 0.1969, -1.2151 0.7672 0.1969, -1.1787 0.7522 0.1969, -1.5052 -0.6757 0.1969, -1.6879 -0.7247 0.1969, -1.7012 -0.7569 0.1969, -1.7058 -0.7915 0.1969, -1.4383 0.7915 0.1969, -1.4383 1.0039 0.1969, -1.2904 1.0039 0.1969, -1.4562 0.7246 0.1969, -1.4429 0.7569 0.1969, -1.2853 0.8587 0.1969, -1.2904 0.8977 0.1969, -1.1397 -0.7471 0.1969, -1.4562 -0.7247 0.1969, -1.1787 -0.7522 0.1969, -1.2151 -0.7673 0.1969, -1.4775 -0.697 0.1969, -1.6067 -0.6624 0.1969, -1.6067 0.6623 0.1969, -1.572 -0.6578 0.1969, -1.572 0.6578 0.1969, -1.5374 0.6623 0.1969, -1.2463 -0.7912 0.1969, -1.2702 -0.8224 0.1969, -1.4429 -0.7569 0.1969, -1.4383 -0.7915 0.1969, -1.2904 -1.004 0.1969, -1.4383 -1.004 0.1969, -1.2904 -0.8977 0.1969, -1.2853 -0.8588 0.1969
            ]
        }
        coordIndex [
            0,1,2,-1,2,1,3,-1,4,5,6,-1,6,5,7,-1,8,9,10,-1,10,9,11,-1,12,4,13,-1,13,4,6,-1,14,15,16,-1,15,14,13,-1,13,14,17,-1,13,17,12,-1,12,17,18,-1,12,18,19,-1,16,20,14,-1,14,20,21,-1,14,21,22,-1,23,19,24,-1,25,9,26,-1,26,9,27,-1,22,28,14,-1,14,28,29,-1,14,29,30,-1,30,29,31,-1,31,32,30,-1,30,32,33,-1,30,33,34,-1,24,35,36,-1,37,38,39,-1,36,40,24,-1,24,40,41,-1,24,41,23,-1,42,43,44,-1,45,46,47,-1,47,46,48,-1,47,48,49,-1,42,44,50,-1,11,9,51,-1,51,9,25,-1,51,25,52,-1,52,25,39,-1,52,39,53,-1,53,39,54,-1,19,23,12,-1,12,23,55,-1,12,55,27,-1,27,55,56,-1,27,56,26,-1,26,56,57,-1,26,57,48,-1,48,57,58,-1,48,58,49,-1,50,44,39,-1,39,44,59,-1,39,59,37,-1,38,60,39,-1,39,60,61,-1,39,61,54,-1,62,63,64,-1,64,63,65,-1,5,4,12,-1,66,67,68,-1,5,12,68,-1,68,12,69,-1,68,69,66,-1,70,71,72,-1,72,71,73,-1,72,73,67,-1,67,73,74,-1,75,76,68,-1,77,78,79,-1,74,80,67,-1,67,80,81,-1,67,81,82,-1,82,83,67,-1,67,83,84,-1,67,84,68,-1,68,84,85,-1,68,85,75,-1,76,86,68,-1,68,86,87,-1,68,87,79,-1,79,87,88,-1,79,88,89,-1,79,78,72,-1,72,78,90,-1,72,90,91,-1,89,92,79,-1,79,92,93,-1,79,93,77,-1,91,94,72,-1,72,94,95,-1,72,95,70,-1,63,62,27,-1,27,62,1,-1,27,1,0,-1,0,96,27,-1,27,96,97,-1,27,97,12,-1,97,98,12,-1,12,98,99,-1,12,99,100,-1,100,101,12,-1,12,101,102,-1,12,102,69,-1,66,103,67,-1,67,103,104,-1,67,104,105,-1,105,106,67,-1,67,106,107,-1,67,107,72,-1,107,108,72,-1,72,108,109,-1,72,109,2,-1,2,3,72,-1,72,3,64,-1,72,64,65,-1,5,68,7,-1,7,68,79,-1,7,79,10,-1,10,79,8,-1,110,13,7,-1,7,13,6,-1,51,111,11,-1,11,111,10,-1,112,113,114,-1,115,116,7,-1,117,118,119,-1,111,120,10,-1,10,120,121,-1,10,121,7,-1,7,121,122,-1,7,122,115,-1,123,124,116,-1,125,126,118,-1,118,126,127,-1,118,127,114,-1,114,127,128,-1,114,128,112,-1,119,118,129,-1,124,130,116,-1,116,130,131,-1,116,131,7,-1,7,131,132,-1,7,132,110,-1,133,134,135,-1,118,136,125,-1,125,136,137,-1,125,137,138,-1,138,137,133,-1,138,133,139,-1,139,133,135,-1,114,140,141,-1,141,140,142,-1,141,142,143,-1,114,141,118,-1,118,141,144,-1,118,144,129,-1,123,116,145,-1,145,116,146,-1,145,146,147,-1,147,146,148,-1,147,148,119,-1,119,148,149,-1,119,149,117,-1,143,150,141,-1,141,150,151,-1,141,151,152,-1,152,151,153,-1,154,155,156,-1,156,155,153,-1,156,153,157,-1,157,153,151,-1,110,132,13,-1,13,132,15,-1,153,14,30,-1,153,30,152,-1,152,30,34,-1,152,34,141,-1,141,34,33,-1,141,33,144,-1,144,33,32,-1,144,32,129,-1,129,32,31,-1,129,31,119,-1,119,31,29,-1,119,29,147,-1,147,29,28,-1,147,28,145,-1,145,28,22,-1,145,22,123,-1,123,22,21,-1,123,21,124,-1,124,21,20,-1,124,20,130,-1,130,20,16,-1,130,16,131,-1,131,16,15,-1,131,15,132,-1,153,155,14,-1,14,155,17,-1,155,154,17,-1,17,154,18,-1,154,156,18,-1,18,156,19,-1,140,23,41,-1,140,41,142,-1,142,41,40,-1,142,40,143,-1,143,40,36,-1,143,36,150,-1,150,36,35,-1,150,35,151,-1,151,35,24,-1,151,24,157,-1,157,24,19,-1,157,19,156,-1,140,114,23,-1,23,114,55,-1,114,113,55,-1,55,113,56,-1,113,112,56,-1,56,112,57,-1,139,48,46,-1,139,46,138,-1,138,46,45,-1,138,45,125,-1,125,45,47,-1,125,47,126,-1,126,47,49,-1,126,49,127,-1,127,49,58,-1,127,58,128,-1,128,58,57,-1,128,57,112,-1,139,135,48,-1,48,135,26,-1,135,134,26,-1,26,134,25,-1,134,133,25,-1,25,133,39,-1,120,52,53,-1,120,53,121,-1,121,53,54,-1,121,54,122,-1,122,54,61,-1,122,61,115,-1,115,61,60,-1,115,60,116,-1,116,60,38,-1,116,38,146,-1,146,38,37,-1,146,37,148,-1,148,37,59,-1,148,59,149,-1,149,59,44,-1,149,44,117,-1,117,44,43,-1,117,43,118,-1,118,43,42,-1,118,42,136,-1,136,42,50,-1,136,50,137,-1,137,50,39,-1,137,39,133,-1,120,111,52,-1,52,111,51,-1,
        ]
    }
}
Shape{
    appearance Appearance {
        material  Material 	{
            diffuseColor 0.8509803921568627 0.8509803921568627 0.8509803921568627
            specularColor 0.4235294117647059 0.4235294117647059 0.4235294117647059
            ambientIntensity 0.851
            transparency 0.0
            shininess 0.5
        }
    }
    geometry IndexedFaceSet {
        ccw TRUE
        solid FALSE
        coord DEF co Coordinate {
            point [
                1.3331 1.0984 0.1969, 0.9223 1.0984 0.1969, 1.3331 0.9016 0.1969, 0.9223 0.9016 0.1969, 1.3331 1.0984 0.0, 1.3331 0.9016 0.0, 0.9223 1.0984 0.0, 0.9223 0.9016 0.0, 0.8665 0.9016 0.0061, 0.8665 1.0984 0.0061, 0.8135 0.9016 0.0243, 0.8135 1.0984 0.0243, 0.7657 0.9016 0.0535, 0.7657 1.0984 0.0535, 0.7253 0.9016 0.0925, 0.7253 1.0984 0.0925, 0.6945 0.9016 0.1393, 0.6945 1.0984 0.1393, 0.5807 1.1378 0.3616, 0.6945 1.1378 0.1393, 0.5807 1.0984 0.3616, 0.5807 0.9016 0.3616, 0.5807 0.8622 0.3616, 0.6945 0.8622 0.1393, 0.5735 1.0984 0.3724, 0.5735 0.9016 0.3724, 0.5642 1.0984 0.3814, 0.5642 0.9016 0.3814, 0.5532 1.0984 0.3881, 0.5532 0.9016 0.3881, 0.541 1.0984 0.3923, 0.541 0.9016 0.3923, 0.5281 1.0984 0.3937, 0.5281 0.9016 0.3937, 0.3488 1.0984 0.3937, 0.3488 0.9016 0.3937, 0.5281 1.0984 0.5906, 0.3488 1.0984 0.5906, 0.5281 0.9016 0.5906, 0.3488 0.9016 0.5906, 0.5838 0.9016 0.5844, 0.5838 1.0984 0.5844, 0.6369 0.9016 0.5663, 0.6369 1.0984 0.5663, 0.6847 0.9016 0.537, 0.6847 1.0984 0.537, 0.725 0.9016 0.4981, 0.725 1.0984 0.4981, 0.7559 0.9016 0.4513, 0.7559 1.0984 0.4513, 0.8697 1.1378 0.229, 0.7559 1.1378 0.4513, 0.8697 1.0984 0.229, 0.8697 0.9016 0.229, 0.8697 0.8622 0.229, 0.7559 0.8622 0.4513, 0.8768 1.0984 0.2182, 0.8768 0.9016 0.2182, 0.8861 1.0984 0.2092, 0.8861 0.9016 0.2092, 0.8972 1.0984 0.2025, 0.8972 0.9016 0.2025, 0.9094 1.0984 0.1983, 0.9094 0.9016 0.1983, 1.3331 0.5984 0.1969, 0.9223 0.5984 0.1969, 1.3331 0.4016 0.1969, 0.9223 0.4016 0.1969, 1.3331 0.5984 0.0, 1.3331 0.4016 0.0, 0.9223 0.5984 0.0, 0.9223 0.4016 0.0, 0.8665 0.4016 0.0061, 0.8665 0.5984 0.0061, 0.8135 0.4016 0.0243, 0.8135 0.5984 0.0243, 0.7657 0.4016 0.0535, 0.7657 0.5984 0.0535, 0.7253 0.4016 0.0925, 0.7253 0.5984 0.0925, 0.6945 0.4016 0.1393, 0.6945 0.5984 0.1393, 0.5807 0.6378 0.3616, 0.6945 0.6378 0.1393, 0.5807 0.5984 0.3616, 0.5807 0.4016 0.3616, 0.5807 0.3622 0.3616, 0.6945 0.3622 0.1393, 0.5735 0.5984 0.3724, 0.5735 0.4016 0.3724, 0.5642 0.5984 0.3814, 0.5642 0.4016 0.3814, 0.5532 0.5984 0.3881, 0.5532 0.4016 0.3881, 0.541 0.5984 0.3923, 0.541 0.4016 0.3923, 0.5281 0.5984 0.3937, 0.5281 0.4016 0.3937, 0.3488 0.5984 0.3937, 0.3488 0.4016 0.3937, 0.5281 0.5984 0.5906, 0.3488 0.5984 0.5906, 0.5281 0.4016 0.5906, 0.3488 0.4016 0.5906, 0.5838 0.4016 0.5844, 0.5838 0.5984 0.5844, 0.6369 0.4016 0.5663, 0.6369 0.5984 0.5663, 0.6847 0.4016 0.537, 0.6847 0.5984 0.537, 0.725 0.4016 0.4981, 0.725 0.5984 0.4981, 0.7559 0.4016 0.4513, 0.7559 0.5984 0.4513, 0.8697 0.6378 0.229, 0.7559 0.6378 0.4513, 0.8697 0.5984 0.229, 0.8697 0.4016 0.229, 0.8697 0.3622 0.229, 0.7559 0.3622 0.4513, 0.8768 0.5984 0.2182, 0.8768 0.4016 0.2182, 0.8861 0.5984 0.2092, 0.8861 0.4016 0.2092, 0.8972 0.5984 0.2025, 0.8972 0.4016 0.2025, 0.9094 0.5984 0.1983, 0.9094 0.4016 0.1983, 0.3488 0.0984 0.3937, 0.5281 0.0984 0.3937, 0.3488 -0.0984 0.3937, 0.5281 -0.0984 0.3937, 0.5281 0.0984 0.5906, 0.3488 0.0984 0.5906, 0.5281 -0.0984 0.5906, 0.3488 -0.0984 0.5906, 1.3331 -0.4016 0.1969, 0.9223 -0.4016 0.1969, 1.3331 -0.5984 0.1969, 0.9223 -0.5984 0.1969, 1.3331 -0.4016 0.0, 1.3331 -0.5984 0.0, 0.9223 -0.4016 0.0, 0.9223 -0.5984 0.0, 0.8665 -0.5984 0.0061, 0.8665 -0.4016 0.0061, 0.8135 -0.5984 0.0243, 0.8135 -0.4016 0.0243, 0.7657 -0.5984 0.0535, 0.7657 -0.4016 0.0535, 0.7253 -0.5984 0.0925, 0.7253 -0.4016 0.0925, 0.6945 -0.5984 0.1393, 0.6945 -0.4016 0.1393, 0.5807 -0.3622 0.3616, 0.6945 -0.3622 0.1393, 0.5807 -0.4016 0.3616, 0.5807 -0.5984 0.3616, 0.5807 -0.6378 0.3616, 0.6945 -0.6378 0.1393, 0.5735 -0.4016 0.3724, 0.5735 -0.5984 0.3724, 0.5642 -0.4016 0.3814, 0.5642 -0.5984 0.3814, 0.5532 -0.4016 0.3881, 0.5532 -0.5984 0.3881, 0.541 -0.4016 0.3923, 0.541 -0.5984 0.3923, 0.5281 -0.4016 0.3937, 0.5281 -0.5984 0.3937, 0.3488 -0.4016 0.3937, 0.3488 -0.5984 0.3937, 0.5281 -0.4016 0.5906, 0.3488 -0.4016 0.5906, 0.5281 -0.5984 0.5906, 0.3488 -0.5984 0.5906, 0.5838 -0.5984 0.5844, 0.5838 -0.4016 0.5844, 0.6369 -0.5984 0.5663, 0.6369 -0.4016 0.5663, 0.6847 -0.5984 0.537, 0.6847 -0.4016 0.537, 0.725 -0.5984 0.4981, 0.725 -0.4016 0.4981, 0.7559 -0.5984 0.4513, 0.7559 -0.4016 0.4513, 0.8697 -0.3622 0.229, 0.7559 -0.3622 0.4513, 0.8697 -0.4016 0.229, 0.8697 -0.5984 0.229, 0.8697 -0.6378 0.229, 0.7559 -0.6378 0.4513, 0.8768 -0.4016 0.2182, 0.8768 -0.5984 0.2182, 0.8861 -0.4016 0.2092, 0.8861 -0.5984 0.2092, 0.8972 -0.4016 0.2025, 0.8972 -0.5984 0.2025, 0.9094 -0.4016 0.1983, 0.9094 -0.5984 0.1983, 1.3331 -0.9016 0.1969, 0.9223 -0.9016 0.1969, 1.3331 -1.0984 0.1969, 0.9223 -1.0984 0.1969, 1.3331 -0.9016 0.0, 1.3331 -1.0984 0.0, 0.9223 -0.9016 0.0, 0.9223 -1.0984 0.0, 0.8665 -1.0984 0.0061, 0.8665 -0.9016 0.0061, 0.8135 -1.0984 0.0243, 0.8135 -0.9016 0.0243, 0.7657 -1.0984 0.0535, 0.7657 -0.9016 0.0535, 0.7253 -1.0984 0.0925, 0.7253 -0.9016 0.0925, 0.6945 -1.0984 0.1393, 0.6945 -0.9016 0.1393, 0.5807 -0.8622 0.3616, 0.6945 -0.8622 0.1393, 0.5807 -0.9016 0.3616, 0.5807 -1.0984 0.3616, 0.5807 -1.1378 0.3616, 0.6945 -1.1378 0.1393, 0.5735 -0.9016 0.3724, 0.5735 -1.0984 0.3724, 0.5642 -0.9016 0.3814, 0.5642 -1.0984 0.3814, 0.5532 -0.9016 0.3881, 0.5532 -1.0984 0.3881, 0.541 -0.9016 0.3923, 0.541 -1.0984 0.3923, 0.5281 -0.9016 0.3937, 0.5281 -1.0984 0.3937, 0.3488 -0.9016 0.3937, 0.3488 -1.0984 0.3937, 0.5281 -0.9016 0.5906, 0.3488 -0.9016 0.5906, 0.5281 -1.0984 0.5906, 0.3488 -1.0984 0.5906, 0.5838 -1.0984 0.5844, 0.5838 -0.9016 0.5844, 0.6369 -1.0984 0.5663, 0.6369 -0.9016 0.5663, 0.6847 -1.0984 0.537, 0.6847 -0.9016 0.537, 0.725 -1.0984 0.4981, 0.725 -0.9016 0.4981, 0.7559 -1.0984 0.4513, 0.7559 -0.9016 0.4513, 0.8697 -0.8622 0.229, 0.7559 -0.8622 0.4513, 0.8697 -0.9016 0.229, 0.8697 -1.0984 0.229, 0.8697 -1.1378 0.229, 0.7559 -1.1378 0.4513, 0.8768 -0.9016 0.2182, 0.8768 -1.0984 0.2182, 0.8861 -0.9016 0.2092, 0.8861 -1.0984 0.2092, 0.8972 -0.9016 0.2025, 0.8972 -1.0984 0.2025, 0.9094 -0.9016 0.1983, 0.9094 -1.0984 0.1983
            ]
        }
        coordIndex [
            0,1,2,-1,2,1,3,-1,4,0,5,-1,5,0,2,-1,6,4,7,-1,7,4,5,-1,6,7,8,-1,6,8,9,-1,9,8,10,-1,9,10,11,-1,11,10,12,-1,11,12,13,-1,13,12,14,-1,13,14,15,-1,15,14,16,-1,15,16,17,-1,18,19,20,-1,20,19,17,-1,20,17,21,-1,21,17,16,-1,21,16,22,-1,22,16,23,-1,20,21,24,-1,24,21,25,-1,24,25,26,-1,26,25,27,-1,26,27,28,-1,28,27,29,-1,28,29,30,-1,30,29,31,-1,30,31,32,-1,32,31,33,-1,34,32,35,-1,35,32,33,-1,36,37,38,-1,38,37,39,-1,36,38,40,-1,36,40,41,-1,41,40,42,-1,41,42,43,-1,43,42,44,-1,43,44,45,-1,45,44,46,-1,45,46,47,-1,47,46,48,-1,47,48,49,-1,50,51,52,-1,52,51,49,-1,52,49,53,-1,53,49,48,-1,53,48,54,-1,54,48,55,-1,52,53,56,-1,56,53,57,-1,56,57,58,-1,58,57,59,-1,58,59,60,-1,60,59,61,-1,60,61,62,-1,62,61,63,-1,62,63,1,-1,1,63,3,-1,0,4,1,-1,1,4,6,-1,1,6,62,-1,62,6,9,-1,62,9,60,-1,60,9,11,-1,60,11,58,-1,58,11,13,-1,58,13,56,-1,56,13,15,-1,56,15,52,-1,52,15,17,-1,53,16,57,-1,57,16,14,-1,57,14,59,-1,59,14,12,-1,59,12,61,-1,61,12,10,-1,61,10,63,-1,63,10,8,-1,63,8,3,-1,3,8,7,-1,3,7,2,-1,2,7,5,-1,23,54,22,-1,22,54,55,-1,54,23,53,-1,53,23,16,-1,21,22,48,-1,48,22,55,-1,51,18,49,-1,49,18,20,-1,17,19,52,-1,52,19,50,-1,50,19,51,-1,51,19,18,-1,64,65,66,-1,66,65,67,-1,68,64,69,-1,69,64,66,-1,70,68,71,-1,71,68,69,-1,70,71,72,-1,70,72,73,-1,73,72,74,-1,73,74,75,-1,75,74,76,-1,75,76,77,-1,77,76,78,-1,77,78,79,-1,79,78,80,-1,79,80,81,-1,82,83,84,-1,84,83,81,-1,84,81,85,-1,85,81,80,-1,85,80,86,-1,86,80,87,-1,84,85,88,-1,88,85,89,-1,88,89,90,-1,90,89,91,-1,90,91,92,-1,92,91,93,-1,92,93,94,-1,94,93,95,-1,94,95,96,-1,96,95,97,-1,98,96,99,-1,99,96,97,-1,100,101,102,-1,102,101,103,-1,100,102,104,-1,100,104,105,-1,105,104,106,-1,105,106,107,-1,107,106,108,-1,107,108,109,-1,109,108,110,-1,109,110,111,-1,111,110,112,-1,111,112,113,-1,114,115,116,-1,116,115,113,-1,116,113,117,-1,117,113,112,-1,117,112,118,-1,118,112,119,-1,116,117,120,-1,120,117,121,-1,120,121,122,-1,122,121,123,-1,122,123,124,-1,124,123,125,-1,124,125,126,-1,126,125,127,-1,126,127,65,-1,65,127,67,-1,64,68,65,-1,65,68,70,-1,65,70,126,-1,126,70,73,-1,126,73,124,-1,124,73,75,-1,124,75,122,-1,122,75,77,-1,122,77,120,-1,120,77,79,-1,120,79,116,-1,116,79,81,-1,117,80,121,-1,121,80,78,-1,121,78,123,-1,123,78,76,-1,123,76,125,-1,125,76,74,-1,125,74,127,-1,127,74,72,-1,127,72,67,-1,67,72,71,-1,67,71,66,-1,66,71,69,-1,128,129,130,-1,130,129,131,-1,132,133,134,-1,134,133,135,-1,136,137,138,-1,138,137,139,-1,140,136,141,-1,141,136,138,-1,142,140,143,-1,143,140,141,-1,142,143,144,-1,142,144,145,-1,145,144,146,-1,145,146,147,-1,147,146,148,-1,147,148,149,-1,149,148,150,-1,149,150,151,-1,151,150,152,-1,151,152,153,-1,154,155,156,-1,156,155,153,-1,156,153,157,-1,157,153,152,-1,157,152,158,-1,158,152,159,-1,156,157,160,-1,160,157,161,-1,160,161,162,-1,162,161,163,-1,162,163,164,-1,164,163,165,-1,164,165,166,-1,166,165,167,-1,166,167,168,-1,168,167,169,-1,170,168,171,-1,171,168,169,-1,172,173,174,-1,174,173,175,-1,172,174,176,-1,172,176,177,-1,177,176,178,-1,177,178,179,-1,179,178,180,-1,179,180,181,-1,181,180,182,-1,181,182,183,-1,183,182,184,-1,183,184,185,-1,186,187,188,-1,188,187,185,-1,188,185,189,-1,189,185,184,-1,189,184,190,-1,190,184,191,-1,188,189,192,-1,192,189,193,-1,192,193,194,-1,194,193,195,-1,194,195,196,-1,196,195,197,-1,196,197,198,-1,198,197,199,-1,198,199,137,-1,137,199,139,-1,136,140,137,-1,137,140,142,-1,137,142,198,-1,198,142,145,-1,198,145,196,-1,196,145,147,-1,196,147,194,-1,194,147,149,-1,194,149,192,-1,192,149,151,-1,192,151,188,-1,188,151,153,-1,189,152,193,-1,193,152,150,-1,193,150,195,-1,195,150,148,-1,195,148,197,-1,197,148,146,-1,197,146,199,-1,199,146,144,-1,199,144,139,-1,139,144,143,-1,139,143,138,-1,138,143,141,-1,200,201,202,-1,202,201,203,-1,204,200,205,-1,205,200,202,-1,206,204,207,-1,207,204,205,-1,206,207,208,-1,206,208,209,-1,209,208,210,-1,209,210,211,-1,211,210,212,-1,211,212,213,-1,213,212,214,-1,213,214,215,-1,215,214,216,-1,215,216,217,-1,218,219,220,-1,220,219,217,-1,220,217,221,-1,221,217,216,-1,221,216,222,-1,222,216,223,-1,220,221,224,-1,224,221,225,-1,224,225,226,-1,226,225,227,-1,226,227,228,-1,228,227,229,-1,228,229,230,-1,230,229,231,-1,230,231,232,-1,232,231,233,-1,234,232,235,-1,235,232,233,-1,236,237,238,-1,238,237,239,-1,236,238,240,-1,236,240,241,-1,241,240,242,-1,241,242,243,-1,243,242,244,-1,243,244,245,-1,245,244,246,-1,245,246,247,-1,247,246,248,-1,247,248,249,-1,250,251,252,-1,252,251,249,-1,252,249,253,-1,253,249,248,-1,253,248,254,-1,254,248,255,-1,252,253,256,-1,256,253,257,-1,256,257,258,-1,258,257,259,-1,258,259,260,-1,260,259,261,-1,260,261,262,-1,262,261,263,-1,262,263,201,-1,201,263,203,-1,200,204,201,-1,201,204,206,-1,201,206,262,-1,262,206,209,-1,262,209,260,-1,260,209,211,-1,260,211,258,-1,258,211,213,-1,258,213,256,-1,256,213,215,-1,256,215,252,-1,252,215,217,-1,253,216,257,-1,257,216,214,-1,257,214,259,-1,259,214,212,-1,259,212,261,-1,261,212,210,-1,261,210,263,-1,263,210,208,-1,263,208,203,-1,203,208,207,-1,203,207,202,-1,202,207,205,-1,87,118,86,-1,86,118,119,-1,118,87,117,-1,117,87,80,-1,85,86,112,-1,112,86,119,-1,115,82,113,-1,113,82,84,-1,81,83,116,-1,116,83,114,-1,114,83,115,-1,115,83,82,-1,159,190,158,-1,158,190,191,-1,190,159,189,-1,189,159,152,-1,157,158,184,-1,184,158,191,-1,187,154,185,-1,185,154,156,-1,153,155,188,-1,188,155,186,-1,186,155,187,-1,187,155,154,-1,223,254,222,-1,222,254,255,-1,254,223,253,-1,253,223,216,-1,221,222,248,-1,248,222,255,-1,251,218,249,-1,249,218,220,-1,217,219,252,-1,252,219,250,-1,250,219,251,-1,251,219,218,-1,134,131,132,-1,132,131,129,-1,
        ]
    }
}
Shape{
    appearance Appearance {
        material  Material 	{
            diffuseColor 0.30980392156862746 0.30980392156862746 0.30980392156862746
            specularColor 0.1568627450980392 0.1568627450980392 0.1568627450980392
            ambientIntensity 0.3098
            transparency 0.0
            shininess 0.5
        }
    }
    geometry IndexedFaceSet {
        ccw TRUE
        solid FALSE
        coord DEF co Coordinate {
            point [
                -0.0256 -0.0 0.8661, -0.0256 -0.0 0.9055, -0.0342 0.065 0.8661, -0.0342 0.065 0.9055, -0.0592 0.1255 0.8661, -0.0592 0.1255 0.9055, -0.0991 0.1775 0.8661, -0.0991 0.1775 0.9055, -0.1511 0.2174 0.8661, -0.1511 0.2174 0.9055, -0.2117 0.2425 0.8661, -0.2117 0.2425 0.9055, -0.2767 0.251 0.8661, -0.2767 0.251 0.9055, -0.3416 0.2425 0.8661, -0.3416 0.2425 0.9055, -0.4022 0.2174 0.8661, -0.4022 0.2174 0.9055, -0.4542 0.1775 0.8661, -0.4542 0.1775 0.9055, -0.4941 0.1255 0.8661, -0.4941 0.1255 0.9055, -0.5192 0.065 0.8661, -0.5192 0.065 0.9055, -0.5277 -0.0 0.8661, -0.5277 -0.0 0.9055, -0.5192 -0.065 0.8661, -0.5192 -0.065 0.9055, -0.4941 -0.1255 0.8661, -0.4941 -0.1255 0.9055, -0.4542 -0.1775 0.8661, -0.4542 -0.1775 0.9055, -0.4022 -0.2174 0.8661, -0.4022 -0.2174 0.9055, -0.3416 -0.2425 0.8661, -0.3416 -0.2425 0.9055, -0.2767 -0.2511 0.8661, -0.2767 -0.2511 0.9055, -0.2117 -0.2425 0.8661, -0.2117 -0.2425 0.9055, -0.1511 -0.2174 0.8661, -0.1511 -0.2174 0.9055, -0.0991 -0.1775 0.8661, -0.0991 -0.1775 0.9055, -0.0592 -0.1255 0.8661, -0.0592 -0.1255 0.9055, -0.0342 -0.065 0.8661, -0.0342 -0.065 0.9055, -0.2767 -0.0 0.8661
            ]
        }
        coordIndex [
            0,1,2,-1,2,1,3,-1,2,3,4,-1,4,3,5,-1,4,5,6,-1,6,5,7,-1,6,7,8,-1,8,7,9,-1,8,9,10,-1,10,9,11,-1,10,11,12,-1,12,11,13,-1,12,13,14,-1,14,13,15,-1,14,15,16,-1,16,15,17,-1,16,17,18,-1,18,17,19,-1,18,19,20,-1,20,19,21,-1,20,21,22,-1,22,21,23,-1,22,23,24,-1,24,23,25,-1,24,25,26,-1,26,25,27,-1,26,27,28,-1,28,27,29,-1,28,29,30,-1,30,29,31,-1,30,31,32,-1,32,31,33,-1,32,33,34,-1,34,33,35,-1,34,35,36,-1,36,35,37,-1,36,37,38,-1,38,37,39,-1,38,39,40,-1,40,39,41,-1,40,41,42,-1,42,41,43,-1,42,43,44,-1,44,43,45,-1,44,45,46,-1,46,45,47,-1,46,47,0,-1,0,47,1,-1,44,46,48,-1,48,46,0,-1,48,0,2,-1,38,40,48,-1,48,40,42,-1,48,42,44,-1,32,34,48,-1,48,34,36,-1,48,36,38,-1,26,28,48,-1,48,28,30,-1,48,30,32,-1,20,22,48,-1,48,22,24,-1,48,24,26,-1,14,16,48,-1,48,16,18,-1,48,18,20,-1,8,10,48,-1,48,10,12,-1,48,12,14,-1,2,4,48,-1,48,4,6,-1,48,6,8,-1,
        ]
    }
}
Shape{
    appearance Appearance {
        material  Material 	{
            diffuseColor 1.0 1.0 1.0
            specularColor 0.5019607843137255 0.5019607843137255 0.5019607843137255
            ambientIntensity 1.0
            transparency 0.0
            shininess 0.5
        }
    }
    geometry IndexedFaceSet {
        ccw TRUE
        solid FALSE
        coord DEF co Coordinate {
            point [
                -0.8445 1.2795 0.4802, -0.8444 1.2795 0.471, -0.8445 1.2795 0.4802, -0.8444 1.2795 0.471, -0.8126 1.2795 0.4804, -0.8126 1.2795 0.4804, -0.8131 1.2795 0.5513, -0.8131 1.2795 0.5513, -0.8131 1.2795 0.551, -0.8028 1.2795 0.5514, -0.8028 1.2795 0.5514, -0.8022 1.2795 0.4713, -0.8022 1.2795 0.4713, -0.8028 1.2795 0.551, -0.9077 1.2795 0.4739, -0.9077 1.2795 0.4739, -0.9063 1.2795 0.4732, -0.8855 1.2795 0.4694, -0.8855 1.2795 0.4694, -0.8879 1.2795 0.4696, -0.8977 1.2795 0.4705, -0.8977 1.2795 0.4705, -0.9042 1.2795 0.4726, -0.9063 1.2795 0.4732, -0.9077 1.2795 0.4838, -0.9077 1.2795 0.4838, -0.9042 1.2795 0.4822, -0.8998 1.2795 0.4803, -0.8998 1.2795 0.4803, -0.8908 1.2795 0.4787, -0.8908 1.2795 0.4787, -0.887 1.2795 0.4786, -0.887 1.2795 0.4786, -0.879 1.2795 0.4796, -0.879 1.2795 0.4796, -0.8733 1.2795 0.4819, -0.8733 1.2795 0.4819, -0.8681 1.2795 0.4856, -0.8681 1.2795 0.4856, -0.8665 1.2795 0.4872, -0.8665 1.2795 0.4872, -0.8631 1.2795 0.4918, -0.8631 1.2795 0.4918, -0.8604 1.2795 0.4981, -0.8604 1.2795 0.4981, -0.859 1.2795 0.5058, -0.859 1.2795 0.5058, -0.8588 1.2795 0.5101, -0.8588 1.2795 0.5101, -0.8602 1.2795 0.5211, -0.8602 1.2795 0.5211, -0.863 1.2795 0.528, -0.863 1.2795 0.528, -0.8674 1.2795 0.5341, -0.8674 1.2795 0.5341, -0.872 1.2795 0.538, -0.872 1.2795 0.538, -0.8782 1.2795 0.5411, -0.8782 1.2795 0.5411, -0.885 1.2795 0.5426, -0.885 1.2795 0.5426, -0.8893 1.2795 0.5428, -0.8893 1.2795 0.5428, -0.9081 1.2795 0.5379, -0.9081 1.2795 0.5379, -0.9072 1.2795 0.5384, -0.8991 1.2795 0.5416, -0.8991 1.2795 0.5416, -0.9042 1.2795 0.5396, -0.9072 1.2795 0.5384, -0.9082 1.2795 0.5487, -0.9082 1.2795 0.5487, -0.9006 1.2795 0.551, -0.8998 1.2795 0.5512, -0.9042 1.2795 0.5499, -0.8998 1.2795 0.5512, -0.8893 1.2795 0.5521, -0.8893 1.2795 0.5521, -0.8892 1.2795 0.5521, -0.8892 1.2795 0.5521, -0.8776 1.2795 0.5508, -0.8791 1.2795 0.551, -0.8776 1.2795 0.5508, -0.8692 1.2795 0.5476, -0.8692 1.2795 0.5476, -0.8617 1.2795 0.5424, -0.8617 1.2795 0.5424, -0.8597 1.2795 0.5406, -0.8597 1.2795 0.5406, -0.8539 1.2795 0.533, -0.8539 1.2795 0.533, -0.851 1.2795 0.5264, -0.85 1.2795 0.5241, -0.85 1.2795 0.5241, -0.8481 1.2795 0.5137, -0.8481 1.2795 0.5137, -0.848 1.2795 0.5095, -0.848 1.2795 0.5095, -0.858 1.2795 0.4805, -0.858 1.2795 0.4805, -0.8527 1.2795 0.4881, -0.8495 1.2795 0.4964, -0.8495 1.2795 0.4964, -0.851 1.2795 0.4925, -0.8527 1.2795 0.4881, -0.8814 1.2795 0.4696, -0.8806 1.2795 0.4697, -0.8806 1.2795 0.4697, -0.872 1.2795 0.4715, -0.872 1.2795 0.4715, -0.8644 1.2795 0.4751, -0.8644 1.2795 0.4751, -0.9668 1.2795 0.4793, -0.9667 1.2795 0.4702, -0.9668 1.2795 0.4793, -0.9667 1.2795 0.4702, -0.9341 1.2795 0.4795, -0.9341 1.2795 0.4795, -0.955 1.2795 0.4794, -0.9343 1.2795 0.5065, -0.9343 1.2795 0.5065, -0.9629 1.2795 0.5063, -0.9629 1.2795 0.5063, -0.955 1.2795 0.5063, -0.963 1.2795 0.5154, -0.963 1.2795 0.5154, -0.9343 1.2795 0.5156, -0.9343 1.2795 0.5156, -0.955 1.2795 0.5155, -0.9345 1.2795 0.5413, -0.9345 1.2795 0.5413, -0.9654 1.2795 0.541, -0.9654 1.2795 0.541, -0.955 1.2795 0.5411, -0.9655 1.2795 0.5502, -0.9655 1.2795 0.5502, -0.9242 1.2795 0.5505, -0.9242 1.2795 0.5505, -0.955 1.2795 0.5503, -0.9237 1.2795 0.4705, -0.9237 1.2795 0.4705, -0.955 1.2795 0.4702, -1.0314 1.2795 0.4915, -1.0277 1.2795 0.4872, -1.035 1.2795 0.4809, -1.0268 1.2795 0.4864, -1.0267 1.2795 0.475, -1.0217 1.2795 0.4828, -1.0175 1.2795 0.4715, -1.015 1.2795 0.4803, -1.0039 1.2795 0.4699, -1.0039 1.2795 0.479, -0.9818 1.2795 0.4701, -0.9922 1.2795 0.4791, -0.9824 1.2795 0.5501, -0.9927 1.2795 0.5408, -1.0053 1.2795 0.55, -1.0048 1.2795 0.5408, -1.0175 1.2795 0.5485, -1.0151 1.2795 0.5396, -1.0271 1.2795 0.5449, -1.022 1.2795 0.537, -1.0355 1.2795 0.5391, -1.0278 1.2795 0.5331, -1.0382 1.2795 0.5364, -1.03 1.2795 0.5309, -1.0431 1.2795 0.5294, -1.0331 1.2795 0.5264, -1.0461 1.2795 0.5217, -1.0353 1.2795 0.5205, -1.0473 1.2795 0.5107, -1.0365 1.2795 0.5104, -1.0471 1.2795 0.5056, -1.036 1.2795 0.5044, -1.045 1.2795 0.4962, -1.0343 1.2795 0.4973, -1.041 1.2795 0.4879, -1.0039 1.2795 0.4699, -0.9818 1.2795 0.4701, -1.0175 1.2795 0.4715, -1.0267 1.2795 0.475, -1.035 1.2795 0.4809, -1.041 1.2795 0.4879, -1.045 1.2795 0.4962, -1.0471 1.2795 0.5056, -1.0473 1.2795 0.5107, -1.0461 1.2795 0.5217, -1.0431 1.2795 0.5294, -1.0382 1.2795 0.5364, -1.0355 1.2795 0.5391, -1.0271 1.2795 0.5449, -1.0175 1.2795 0.5485, -1.0053 1.2795 0.55, -0.9824 1.2795 0.5501, -1.0048 1.2795 0.5408, -0.9927 1.2795 0.5408, -0.9922 1.2795 0.4791, -1.0039 1.2795 0.479, -1.0277 1.2795 0.4872, -1.0268 1.2795 0.4864, -1.0217 1.2795 0.4828, -1.015 1.2795 0.4803, -1.0365 1.2795 0.5104, -1.036 1.2795 0.5044, -1.0343 1.2795 0.4973, -1.0314 1.2795 0.4915, -1.0278 1.2795 0.5331, -1.03 1.2795 0.5309, -1.0331 1.2795 0.5264, -1.0353 1.2795 0.5205, -1.0151 1.2795 0.5396, -1.022 1.2795 0.537
            ]
        }
        coordIndex [
            0,1,2,-1,2,1,3,-1,4,0,5,-1,5,0,2,-1,6,7,8,-1,8,7,4,-1,8,4,5,-1,9,7,10,-1,10,7,6,-1,11,12,13,-1,13,12,9,-1,13,9,10,-1,1,12,3,-1,3,12,11,-1,7,9,4,-1,4,9,12,-1,4,12,0,-1,0,12,1,-1,14,15,16,-1,17,18,19,-1,17,19,20,-1,19,21,20,-1,20,21,22,-1,20,22,16,-1,16,22,23,-1,16,23,14,-1,24,15,25,-1,25,15,14,-1,24,25,26,-1,24,26,27,-1,26,28,27,-1,27,28,29,-1,27,29,30,-1,30,29,31,-1,30,31,32,-1,32,31,33,-1,32,33,34,-1,34,33,35,-1,34,35,36,-1,36,35,37,-1,36,37,38,-1,38,37,39,-1,38,39,40,-1,40,39,41,-1,40,41,42,-1,42,41,43,-1,42,43,44,-1,44,43,45,-1,44,45,46,-1,46,45,47,-1,46,47,48,-1,48,47,49,-1,48,49,50,-1,50,49,51,-1,50,51,52,-1,52,51,53,-1,52,53,54,-1,54,53,55,-1,54,55,56,-1,56,55,57,-1,56,57,58,-1,58,57,59,-1,58,59,60,-1,60,59,61,-1,60,61,62,-1,63,64,65,-1,62,61,66,-1,62,66,67,-1,67,66,68,-1,67,68,65,-1,65,68,69,-1,65,69,63,-1,70,64,71,-1,71,64,63,-1,72,73,74,-1,74,73,70,-1,74,70,71,-1,72,75,73,-1,73,75,76,-1,73,76,77,-1,77,76,78,-1,77,78,79,-1,80,79,81,-1,81,79,78,-1,81,82,80,-1,80,82,83,-1,80,83,84,-1,84,83,85,-1,84,85,86,-1,86,85,87,-1,86,87,88,-1,88,87,89,-1,88,89,90,-1,90,89,91,-1,90,91,92,-1,91,93,92,-1,92,93,94,-1,92,94,95,-1,95,94,96,-1,95,96,97,-1,98,99,100,-1,97,96,101,-1,97,101,102,-1,102,101,103,-1,102,103,100,-1,100,103,104,-1,100,104,98,-1,18,17,105,-1,105,17,106,-1,105,106,107,-1,107,106,108,-1,107,108,109,-1,109,108,110,-1,109,110,111,-1,111,110,99,-1,111,99,98,-1,65,64,70,-1,56,86,54,-1,54,86,88,-1,54,88,52,-1,52,88,90,-1,52,90,50,-1,97,48,95,-1,95,48,50,-1,95,50,92,-1,92,50,90,-1,65,70,67,-1,67,70,73,-1,67,73,62,-1,62,73,77,-1,62,77,60,-1,60,77,79,-1,60,79,58,-1,58,79,80,-1,58,80,56,-1,56,80,84,-1,56,84,86,-1,15,24,16,-1,16,24,27,-1,16,27,20,-1,20,27,30,-1,20,30,17,-1,17,30,32,-1,17,32,106,-1,106,32,34,-1,106,34,108,-1,108,34,36,-1,108,36,110,-1,110,36,38,-1,110,38,99,-1,99,38,40,-1,99,40,100,-1,100,40,42,-1,100,42,102,-1,102,42,44,-1,102,44,97,-1,97,44,46,-1,97,46,48,-1,112,113,114,-1,114,113,115,-1,116,117,118,-1,118,117,112,-1,118,112,114,-1,119,117,120,-1,120,117,116,-1,121,122,123,-1,123,122,119,-1,123,119,120,-1,124,122,125,-1,125,122,121,-1,126,127,128,-1,128,127,124,-1,128,124,125,-1,129,127,130,-1,130,127,126,-1,131,132,133,-1,133,132,129,-1,133,129,130,-1,134,132,135,-1,135,132,131,-1,136,137,138,-1,138,137,134,-1,138,134,135,-1,139,137,140,-1,140,137,136,-1,115,113,141,-1,141,113,139,-1,141,139,140,-1,139,113,112,-1,112,117,139,-1,139,117,119,-1,139,119,137,-1,132,134,129,-1,129,134,137,-1,129,137,127,-1,127,137,119,-1,127,119,124,-1,124,119,122,-1,142,143,144,-1,144,143,145,-1,144,145,146,-1,146,145,147,-1,146,147,148,-1,148,147,149,-1,148,149,150,-1,150,149,151,-1,150,151,152,-1,152,151,153,-1,152,153,154,-1,154,153,155,-1,154,155,156,-1,156,155,157,-1,156,157,158,-1,158,157,159,-1,158,159,160,-1,160,159,161,-1,160,161,162,-1,162,161,163,-1,162,163,164,-1,164,163,165,-1,164,165,166,-1,166,165,167,-1,166,167,168,-1,168,167,169,-1,168,169,170,-1,170,169,171,-1,170,171,172,-1,172,171,173,-1,172,173,174,-1,174,173,175,-1,174,175,176,-1,176,175,142,-1,176,142,144,-1,150,152,177,-1,177,152,178,-1,150,177,179,-1,150,179,148,-1,148,179,180,-1,148,180,146,-1,146,180,181,-1,146,181,144,-1,144,181,182,-1,144,182,176,-1,176,182,183,-1,176,183,174,-1,174,183,184,-1,174,184,172,-1,172,184,185,-1,172,185,170,-1,170,185,186,-1,170,186,168,-1,168,186,187,-1,168,187,166,-1,166,187,188,-1,166,188,164,-1,164,188,189,-1,164,189,162,-1,162,189,190,-1,162,190,160,-1,160,190,191,-1,160,191,158,-1,158,191,192,-1,158,192,156,-1,154,156,193,-1,193,156,192,-1,152,154,178,-1,178,154,193,-1,157,155,194,-1,194,155,195,-1,155,153,195,-1,195,153,196,-1,153,151,196,-1,196,151,197,-1,143,198,199,-1,143,199,145,-1,145,199,200,-1,145,200,147,-1,147,200,201,-1,147,201,149,-1,149,201,197,-1,149,197,151,-1,171,202,203,-1,171,203,173,-1,173,203,204,-1,173,204,175,-1,175,204,205,-1,175,205,142,-1,142,205,198,-1,142,198,143,-1,163,206,207,-1,163,207,165,-1,165,207,208,-1,165,208,167,-1,167,208,209,-1,167,209,169,-1,169,209,202,-1,169,202,171,-1,157,194,210,-1,157,210,159,-1,159,210,211,-1,159,211,161,-1,161,211,206,-1,161,206,163,-1,
        ]
    }
}
Shape{
    appearance Appearance {
        material  Material 	{
            diffuseColor 0.2235294117647059 0.2235294117647059 0.2235294117647059
            specularColor 0.11372549019607843 0.11372549019607843 0.11372549019607843
            ambientIntensity 0.2235
            transparency 0.0
            shininess 0.5
        }
    }
    geometry IndexedFaceSet {
        ccw TRUE
        solid FALSE
        coord DEF co Coordinate {
            point [
                -1.0268 1.2795 0.4864, -1.0277 1.2795 0.4872, -1.0048 1.2795 0.5408, -0.9927 1.2795 0.5408, -0.9922 1.2795 0.4791, -1.0039 1.2795 0.479, -1.015 1.2795 0.4803, -1.0217 1.2795 0.4828, -1.0314 1.2795 0.4915, -1.0343 1.2795 0.4973, -1.036 1.2795 0.5044, -1.0365 1.2795 0.5104, -1.0353 1.2795 0.5205, -1.0331 1.2795 0.5264, -1.03 1.2795 0.5309, -1.0278 1.2795 0.5331, -1.0151 1.2795 0.5396, -1.022 1.2795 0.537
            ]
        }
        coordIndex [
            0,1,2,-1,3,4,2,-1,2,4,5,-1,5,6,2,-1,2,6,7,-1,2,7,0,-1,1,8,2,-1,2,8,9,-1,2,9,10,-1,10,11,2,-1,2,11,12,-1,2,12,13,-1,13,14,2,-1,2,14,15,-1,2,15,16,-1,16,15,17,-1,
        ]
    }
}
Shape{
    appearance Appearance {
        material  Material 	{
            diffuseColor 1.0 1.0 1.0
            specularColor 0.5019607843137255 0.5019607843137255 0.5019607843137255
            ambientIntensity 1.0
            transparency 0.0
            shininess 0.5
        }
    }
    geometry IndexedFaceSet {
        ccw TRUE
        solid FALSE
        coord DEF co Coordinate {
            point [
                -1.0741 1.2795 0.5004, -1.0863 1.2795 0.5335, -1.0825 1.2795 0.5494, -1.0515 1.2795 0.4696, -1.0629 1.2795 0.4695, -1.0707 1.2795 0.4913, -1.087 1.2795 0.5359, -1.0876 1.2795 0.5391, -1.0936 1.2795 0.5493, -1.0879 1.2795 0.5391, -1.0885 1.2795 0.5358, -1.0891 1.2795 0.5335, -1.101 1.2795 0.5002, -1.1235 1.2795 0.4691, -1.1121 1.2795 0.4691, -1.1041 1.2795 0.4911, -1.0936 1.2795 0.5493, -1.1233 1.2795 0.4696, -1.1235 1.2795 0.4691, -1.0825 1.2795 0.5494, -1.0515 1.2795 0.4696, -1.0515 1.2795 0.4696, -1.0737 1.2795 0.5267, -1.0629 1.2795 0.4695, -1.0707 1.2795 0.4913, -1.0629 1.2795 0.4696, -1.1041 1.2795 0.4911, -1.0737 1.2795 0.4913, -1.1121 1.2795 0.4691, -1.1119 1.2795 0.4696, -1.0741 1.2795 0.5004, -1.101 1.2795 0.5002, -1.0891 1.2795 0.5335, -1.0879 1.2795 0.5391, -1.0885 1.2795 0.5358, -1.0876 1.2795 0.5391, -1.0863 1.2795 0.5335, -1.087 1.2795 0.5359
            ]
        }
        coordIndex [
            0,1,2,-1,3,4,5,-1,1,6,2,-1,2,6,7,-1,2,7,8,-1,8,7,9,-1,8,9,10,-1,10,11,8,-1,8,11,12,-1,8,12,13,-1,14,13,15,-1,15,13,12,-1,15,12,5,-1,5,12,0,-1,5,0,3,-1,3,0,2,-1,16,8,17,-1,17,8,13,-1,17,13,18,-1,2,8,19,-1,19,8,16,-1,20,21,3,-1,20,3,22,-1,22,3,2,-1,22,2,19,-1,4,3,23,-1,23,3,21,-1,24,5,25,-1,25,5,4,-1,25,4,23,-1,26,15,27,-1,27,15,5,-1,27,5,24,-1,28,14,29,-1,29,14,15,-1,29,15,26,-1,13,14,18,-1,18,14,28,-1,0,12,30,-1,30,12,31,-1,12,11,31,-1,31,11,32,-1,9,33,34,-1,9,34,10,-1,10,34,32,-1,10,32,11,-1,9,7,33,-1,33,7,35,-1,1,36,37,-1,1,37,6,-1,6,37,35,-1,6,35,7,-1,1,0,36,-1,36,0,30,-1,
        ]
    }
}
Shape{
    appearance Appearance {
        material  Material 	{
            diffuseColor 0.2235294117647059 0.2235294117647059 0.2235294117647059
            specularColor 0.11372549019607843 0.11372549019607843 0.11372549019607843
            ambientIntensity 0.2235
            transparency 0.0
            shininess 0.5
        }
    }
    geometry IndexedFaceSet {
        ccw TRUE
        solid FALSE
        coord DEF co Coordinate {
            point [
                -1.0879 1.2795 0.5391, -1.0876 1.2795 0.5391, -1.0885 1.2795 0.5358, -1.087 1.2795 0.5359, -1.0891 1.2795 0.5335, -1.0863 1.2795 0.5335, -1.101 1.2795 0.5002, -1.0741 1.2795 0.5004
            ]
        }
        coordIndex [
            0,1,2,-1,2,1,3,-1,2,3,4,-1,4,3,5,-1,4,5,6,-1,6,5,7,-1,
        ]
    }
}
Shape{
    appearance Appearance {
        material  Material 	{
            diffuseColor 1.0 1.0 1.0
            specularColor 0.5019607843137255 0.5019607843137255 0.5019607843137255
            ambientIntensity 1.0
            transparency 0.0
            shininess 0.5
        }
    }
    geometry IndexedFaceSet {
        ccw TRUE
        solid FALSE
        coord DEF co Coordinate {
            point [
                -0.8444 1.2795 0.3531, -0.8444 1.2795 0.344, -0.8444 1.2795 0.3531, -0.8444 1.2795 0.344, -0.8117 1.2795 0.3534, -0.8117 1.2795 0.3534, -0.8119 1.2795 0.3803, -0.8119 1.2795 0.3803, -0.8405 1.2795 0.3801, -0.8405 1.2795 0.3801, -0.8406 1.2795 0.3893, -0.8406 1.2795 0.3893, -0.8119 1.2795 0.3895, -0.8119 1.2795 0.3895, -0.8121 1.2795 0.4151, -0.8121 1.2795 0.4151, -0.843 1.2795 0.4149, -0.843 1.2795 0.4149, -0.8431 1.2795 0.422, -0.8431 1.2795 0.4241, -0.8431 1.2795 0.4236, -0.8431 1.2795 0.4241, -0.8019 1.2795 0.4244, -0.8019 1.2795 0.4244, -0.8013 1.2795 0.3443, -0.8013 1.2795 0.3443, -0.8018 1.2795 0.422, -0.8018 1.2795 0.4236, -0.8899 1.2795 0.3437, -0.8999 1.2795 0.3436, -0.8899 1.2795 0.3525, -0.9002 1.2795 0.3804, -0.8897 1.2795 0.3525, -0.8844 1.2795 0.354, -0.8878 1.2795 0.3498, -0.8815 1.2795 0.3521, -0.8702 1.2795 0.3692, -0.8767 1.2795 0.3707, -0.8901 1.2795 0.3724, -0.89 1.2795 0.3669, -0.89 1.2795 0.3662, -0.8893 1.2795 0.3618, -0.8878 1.2795 0.3582, -0.8857 1.2795 0.3553, -0.8866 1.2795 0.4015, -0.8844 1.2795 0.3929, -0.8906 1.2795 0.4, -0.8861 1.2795 0.3917, -0.868 1.2795 0.3681, -0.8901 1.2795 0.38, -0.8898 1.2795 0.3845, -0.8992 1.2795 0.3888, -0.8888 1.2795 0.388, -0.8976 1.2795 0.3932, -0.8876 1.2795 0.3901, -0.8955 1.2795 0.3963, -0.8937 1.2795 0.398, -0.8599 1.2795 0.3971, -0.8598 1.2795 0.3873, -0.862 1.2795 0.3982, -0.8668 1.2795 0.3916, -0.8694 1.2795 0.4011, -0.8731 1.2795 0.3936, -0.8796 1.2795 0.4023, -0.8786 1.2795 0.3941, -0.8821 1.2795 0.3937, -0.8662 1.2795 0.3542, -0.8589 1.2795 0.3471, -0.8671 1.2795 0.3533, -0.8622 1.2795 0.3447, -0.8691 1.2795 0.3519, -0.8661 1.2795 0.3432, -0.8713 1.2795 0.3511, -0.8721 1.2795 0.3425, -0.8747 1.2795 0.3507, -0.8774 1.2795 0.343, -0.8785 1.2795 0.3511, -0.8815 1.2795 0.3445, -0.8845 1.2795 0.3465, -0.8732 1.2795 0.3778, -0.8649 1.2795 0.3757, -0.8669 1.2795 0.3672, -0.8608 1.2795 0.3735, -0.8657 1.2795 0.3657, -0.8579 1.2795 0.3708, -0.8648 1.2795 0.3639, -0.8558 1.2795 0.3676, -0.8643 1.2795 0.3616, -0.8545 1.2795 0.3639, -0.8642 1.2795 0.36, -0.8541 1.2795 0.3592, -0.8645 1.2795 0.3577, -0.8546 1.2795 0.3542, -0.8651 1.2795 0.3559, -0.8559 1.2795 0.3509, -0.858 1.2795 0.3479, -0.8796 1.2795 0.4023, -0.8694 1.2795 0.4011, -0.862 1.2795 0.3982, -0.8599 1.2795 0.3971, -0.8598 1.2795 0.3873, -0.8668 1.2795 0.3916, -0.8731 1.2795 0.3936, -0.8786 1.2795 0.3941, -0.8821 1.2795 0.3937, -0.8844 1.2795 0.3929, -0.8861 1.2795 0.3917, -0.8876 1.2795 0.3901, -0.8888 1.2795 0.388, -0.8898 1.2795 0.3845, -0.8901 1.2795 0.38, -0.8732 1.2795 0.3778, -0.8649 1.2795 0.3757, -0.8608 1.2795 0.3735, -0.8579 1.2795 0.3708, -0.8558 1.2795 0.3676, -0.8545 1.2795 0.3639, -0.8541 1.2795 0.3592, -0.8546 1.2795 0.3542, -0.8559 1.2795 0.3509, -0.858 1.2795 0.3479, -0.8589 1.2795 0.3471, -0.8622 1.2795 0.3447, -0.8661 1.2795 0.3432, -0.8721 1.2795 0.3425, -0.8774 1.2795 0.343, -0.8815 1.2795 0.3445, -0.8845 1.2795 0.3465, -0.8878 1.2795 0.3498, -0.8897 1.2795 0.3525, -0.8899 1.2795 0.3525, -0.8899 1.2795 0.3437, -0.8999 1.2795 0.3436, -0.9002 1.2795 0.3804, -0.8992 1.2795 0.3888, -0.8976 1.2795 0.3932, -0.8955 1.2795 0.3963, -0.8937 1.2795 0.398, -0.8906 1.2795 0.4, -0.8866 1.2795 0.4015, -0.8669 1.2795 0.3672, -0.868 1.2795 0.3681, -0.8702 1.2795 0.3692, -0.8767 1.2795 0.3707, -0.8642 1.2795 0.36, -0.8643 1.2795 0.3616, -0.8648 1.2795 0.3639, -0.8657 1.2795 0.3657, -0.8671 1.2795 0.3533, -0.8662 1.2795 0.3542, -0.8651 1.2795 0.3559, -0.8645 1.2795 0.3577, -0.8747 1.2795 0.3507, -0.8713 1.2795 0.3511, -0.8691 1.2795 0.3519, -0.8857 1.2795 0.3553, -0.8844 1.2795 0.354, -0.8815 1.2795 0.3521, -0.8785 1.2795 0.3511, -0.89 1.2795 0.3669, -0.89 1.2795 0.3662, -0.8893 1.2795 0.3618, -0.8878 1.2795 0.3582, -0.8901 1.2795 0.3724
            ]
        }
        coordIndex [
            0,1,2,-1,2,1,3,-1,4,0,5,-1,5,0,2,-1,6,4,7,-1,7,4,5,-1,8,6,9,-1,9,6,7,-1,10,8,11,-1,11,8,9,-1,12,10,13,-1,13,10,11,-1,14,12,15,-1,15,12,13,-1,16,14,17,-1,17,14,15,-1,16,17,18,-1,16,18,19,-1,19,18,20,-1,19,20,21,-1,22,19,23,-1,23,19,21,-1,24,25,26,-1,26,25,22,-1,26,22,27,-1,27,22,23,-1,1,25,3,-1,3,25,24,-1,25,1,0,-1,0,4,25,-1,25,4,6,-1,25,6,22,-1,16,19,14,-1,14,19,22,-1,14,22,12,-1,12,22,6,-1,12,6,10,-1,10,6,8,-1,28,29,30,-1,30,29,31,-1,32,33,34,-1,34,33,35,-1,36,37,31,-1,31,37,38,-1,31,38,39,-1,39,40,31,-1,31,40,41,-1,31,41,30,-1,30,41,42,-1,30,42,32,-1,32,42,43,-1,32,43,33,-1,44,45,46,-1,46,45,47,-1,48,36,49,-1,49,36,31,-1,49,31,50,-1,50,31,51,-1,50,51,52,-1,52,51,53,-1,52,53,54,-1,54,53,55,-1,54,55,47,-1,47,55,56,-1,47,56,46,-1,57,58,59,-1,59,58,60,-1,59,60,61,-1,61,60,62,-1,61,62,63,-1,63,62,64,-1,63,64,44,-1,44,64,65,-1,44,65,45,-1,66,67,68,-1,68,67,69,-1,68,69,70,-1,70,69,71,-1,70,71,72,-1,72,71,73,-1,72,73,74,-1,74,73,75,-1,74,75,76,-1,76,75,77,-1,76,77,35,-1,35,77,78,-1,35,78,34,-1,49,79,48,-1,48,79,80,-1,48,80,81,-1,81,80,82,-1,81,82,83,-1,83,82,84,-1,83,84,85,-1,85,84,86,-1,85,86,87,-1,87,86,88,-1,87,88,89,-1,89,88,90,-1,89,90,91,-1,91,90,92,-1,91,92,93,-1,93,92,94,-1,93,94,66,-1,66,94,95,-1,66,95,67,-1,63,96,97,-1,63,97,61,-1,61,97,98,-1,61,98,59,-1,59,98,99,-1,59,99,57,-1,58,57,100,-1,100,57,99,-1,58,100,101,-1,58,101,60,-1,60,101,102,-1,60,102,62,-1,62,102,103,-1,62,103,64,-1,64,103,104,-1,64,104,65,-1,65,104,105,-1,65,105,45,-1,45,105,106,-1,45,106,47,-1,47,106,107,-1,47,107,54,-1,54,107,108,-1,54,108,52,-1,52,108,109,-1,52,109,50,-1,50,109,110,-1,50,110,49,-1,79,49,111,-1,111,49,110,-1,79,111,112,-1,79,112,80,-1,80,112,113,-1,80,113,82,-1,82,113,114,-1,82,114,84,-1,84,114,115,-1,84,115,86,-1,86,115,116,-1,86,116,88,-1,88,116,117,-1,88,117,90,-1,90,117,118,-1,90,118,92,-1,92,118,119,-1,92,119,94,-1,94,119,120,-1,94,120,95,-1,95,120,121,-1,95,121,67,-1,67,121,122,-1,67,122,69,-1,69,122,123,-1,69,123,71,-1,71,123,124,-1,71,124,73,-1,73,124,125,-1,73,125,75,-1,75,125,126,-1,75,126,77,-1,77,126,127,-1,77,127,78,-1,78,127,128,-1,78,128,34,-1,34,128,129,-1,34,129,32,-1,30,32,130,-1,130,32,129,-1,28,30,131,-1,131,30,130,-1,29,28,132,-1,132,28,131,-1,31,29,133,-1,133,29,132,-1,31,133,134,-1,31,134,51,-1,51,134,135,-1,51,135,53,-1,53,135,136,-1,53,136,55,-1,55,136,137,-1,55,137,56,-1,56,137,138,-1,56,138,46,-1,46,138,139,-1,46,139,44,-1,44,139,96,-1,44,96,63,-1,81,140,141,-1,81,141,48,-1,48,141,142,-1,48,142,36,-1,36,142,143,-1,36,143,37,-1,89,144,145,-1,89,145,87,-1,87,145,146,-1,87,146,85,-1,85,146,147,-1,85,147,83,-1,83,147,140,-1,83,140,81,-1,68,148,149,-1,68,149,66,-1,66,149,150,-1,66,150,93,-1,93,150,151,-1,93,151,91,-1,91,151,144,-1,91,144,89,-1,74,152,153,-1,74,153,72,-1,72,153,154,-1,72,154,70,-1,70,154,148,-1,70,148,68,-1,43,155,156,-1,43,156,33,-1,33,156,157,-1,33,157,35,-1,35,157,158,-1,35,158,76,-1,76,158,152,-1,76,152,74,-1,39,159,160,-1,39,160,40,-1,40,160,161,-1,40,161,41,-1,41,161,162,-1,41,162,42,-1,42,162,155,-1,42,155,43,-1,39,38,159,-1,159,38,163,-1,38,37,163,-1,163,37,143,-1,
        ]
    }
}
Shape{
    appearance Appearance {
        material  Material 	{
            diffuseColor 0.2235294117647059 0.2235294117647059 0.2235294117647059
            specularColor 0.11372549019607843 0.11372549019607843 0.11372549019607843
            ambientIntensity 0.2235
            transparency 0.0
            shininess 0.5
        }
    }
    geometry IndexedFaceSet {
        ccw TRUE
        solid FALSE
        coord DEF co Coordinate {
            point [
                -0.89 1.2795 0.3662, -0.89 1.2795 0.3669, -0.8669 1.2795 0.3672, -0.8901 1.2795 0.3724, -0.8767 1.2795 0.3707, -0.8702 1.2795 0.3692, -0.868 1.2795 0.3681, -0.8893 1.2795 0.3618, -0.8657 1.2795 0.3657, -0.8878 1.2795 0.3582, -0.8662 1.2795 0.3542, -0.8671 1.2795 0.3533, -0.8844 1.2795 0.354, -0.8651 1.2795 0.3559, -0.8815 1.2795 0.3521, -0.8785 1.2795 0.3511, -0.8747 1.2795 0.3507, -0.8648 1.2795 0.3639, -0.8643 1.2795 0.3616, -0.8857 1.2795 0.3553, -0.8642 1.2795 0.36, -0.8645 1.2795 0.3577, -0.8691 1.2795 0.3519, -0.8713 1.2795 0.3511
            ]
        }
        coordIndex [
            0,1,2,-1,1,3,4,-1,4,5,1,-1,1,5,6,-1,1,6,2,-1,0,2,7,-1,7,2,8,-1,7,8,9,-1,10,11,12,-1,10,12,13,-1,14,12,15,-1,15,12,16,-1,8,17,9,-1,9,17,18,-1,9,18,19,-1,19,18,20,-1,19,20,12,-1,12,20,21,-1,12,21,13,-1,11,22,12,-1,12,22,23,-1,12,23,16,-1,
        ]
    }
}
Shape{
    appearance Appearance {
        material  Material 	{
            diffuseColor 1.0 1.0 1.0
            specularColor 0.5019607843137255 0.5019607843137255 0.5019607843137255
            ambientIntensity 1.0
            transparency 0.0
            shininess 0.5
        }
    }
    geometry IndexedFaceSet {
        ccw TRUE
        solid FALSE
        coord DEF co Coordinate {
            point [
                -0.9136 1.2795 0.3559, -0.9136 1.2795 0.3559, -0.918 1.2795 0.3532, -0.93 1.2795 0.3502, -0.93 1.2795 0.3502, -0.9243 1.2795 0.3509, -0.9243 1.2795 0.3509, -0.9186 1.2795 0.353, -0.918 1.2795 0.3532, -0.9135 1.2795 0.3455, -0.9135 1.2795 0.3455, -0.929 1.2795 0.3421, -0.929 1.2795 0.3421, -0.9205 1.2795 0.343, -0.9186 1.2795 0.3437, -0.9205 1.2795 0.343, -0.9381 1.2795 0.3431, -0.9381 1.2795 0.3431, -0.9433 1.2795 0.3451, -0.9433 1.2795 0.3451, -0.9457 1.2795 0.3465, -0.9457 1.2795 0.3465, -0.9486 1.2795 0.349, -0.9486 1.2795 0.349, -0.9505 1.2795 0.3516, -0.9505 1.2795 0.3516, -0.9517 1.2795 0.3548, -0.9517 1.2795 0.3548, -0.9522 1.2795 0.3588, -0.9522 1.2795 0.3588, -0.9518 1.2795 0.3625, -0.9518 1.2795 0.3625, -0.9508 1.2795 0.3655, -0.9508 1.2795 0.3655, -0.9489 1.2795 0.3683, -0.9489 1.2795 0.3683, -0.9466 1.2795 0.3704, -0.9466 1.2795 0.3704, -0.9399 1.2795 0.3742, -0.9399 1.2795 0.3742, -0.936 1.2795 0.3758, -0.936 1.2795 0.3758, -0.9299 1.2795 0.3785, -0.9299 1.2795 0.3785, -0.9263 1.2795 0.3808, -0.9263 1.2795 0.3808, -0.9254 1.2795 0.3818, -0.9254 1.2795 0.3818, -0.9247 1.2795 0.3832, -0.9247 1.2795 0.3832, -0.9243 1.2795 0.3848, -0.9243 1.2795 0.3848, -0.9242 1.2795 0.3861, -0.9242 1.2795 0.3861, -0.9244 1.2795 0.3877, -0.9244 1.2795 0.3877, -0.9249 1.2795 0.389, -0.9249 1.2795 0.389, -0.9258 1.2795 0.3903, -0.9258 1.2795 0.3903, -0.9273 1.2795 0.3916, -0.9273 1.2795 0.3916, -0.9295 1.2795 0.3928, -0.9295 1.2795 0.3928, -0.9322 1.2795 0.3935, -0.9322 1.2795 0.3935, -0.9352 1.2795 0.3937, -0.9352 1.2795 0.3937, -0.9412 1.2795 0.3931, -0.9412 1.2795 0.3931, -0.9469 1.2795 0.3911, -0.9469 1.2795 0.3911, -0.9497 1.2795 0.3895, -0.9497 1.2795 0.3895, -0.9498 1.2795 0.3992, -0.9498 1.2795 0.3992, -0.9433 1.2795 0.4012, -0.9433 1.2795 0.4012, -0.9362 1.2795 0.4019, -0.9362 1.2795 0.4019, -0.9282 1.2795 0.401, -0.9282 1.2795 0.401, -0.9228 1.2795 0.3989, -0.9228 1.2795 0.3989, -0.9204 1.2795 0.3974, -0.9204 1.2795 0.3974, -0.9174 1.2795 0.3948, -0.9186 1.2795 0.3958, -0.9174 1.2795 0.3948, -0.9155 1.2795 0.3921, -0.9155 1.2795 0.3921, -0.9143 1.2795 0.3888, -0.9143 1.2795 0.3888, -0.9138 1.2795 0.3853, -0.9138 1.2795 0.3853, -0.9143 1.2795 0.3814, -0.9143 1.2795 0.3814, -0.9153 1.2795 0.3783, -0.9153 1.2795 0.3783, -0.9166 1.2795 0.3762, -0.9166 1.2795 0.3762, -0.9289 1.2795 0.3685, -0.9289 1.2795 0.3685, -0.923 1.2795 0.3713, -0.9183 1.2795 0.3745, -0.9183 1.2795 0.3745, -0.9186 1.2795 0.3743, -0.923 1.2795 0.3713, -0.9355 1.2795 0.3657, -0.9355 1.2795 0.3657, -0.9394 1.2795 0.3634, -0.9394 1.2795 0.3634, -0.9406 1.2795 0.362, -0.9406 1.2795 0.362, -0.9414 1.2795 0.3607, -0.9414 1.2795 0.3607, -0.9418 1.2795 0.3591, -0.9418 1.2795 0.3591, -0.9419 1.2795 0.3579, -0.9419 1.2795 0.3579, -0.9417 1.2795 0.356, -0.9417 1.2795 0.356, -0.9412 1.2795 0.3546, -0.9412 1.2795 0.3546, -0.9403 1.2795 0.3533, -0.9403 1.2795 0.3533, -0.9391 1.2795 0.3523, -0.9391 1.2795 0.3523, -0.9382 1.2795 0.3517, -0.9382 1.2795 0.3517, -0.9356 1.2795 0.3508, -0.9356 1.2795 0.3508, -0.9305 1.2795 0.3502, -0.9305 1.2795 0.3502, -1.0022 1.2795 0.4001, -1.0126 1.2795 0.4, -1.0022 1.2795 0.4001, -1.0126 1.2795 0.4, -0.9863 1.2795 0.3571, -0.9863 1.2795 0.3571, -0.9855 1.2795 0.3545, -0.9855 1.2795 0.3545, -0.985 1.2795 0.3525, -0.985 1.2795 0.3525, -0.9848 1.2795 0.3525, -0.9848 1.2795 0.3525, -0.9836 1.2795 0.3572, -0.9836 1.2795 0.3572, -0.969 1.2795 0.4003, -0.969 1.2795 0.4003, -0.9743 1.2795 0.3845, -0.9577 1.2795 0.4004, -0.9577 1.2795 0.4004, -0.9798 1.2795 0.3432, -0.9798 1.2795 0.3432, -0.9743 1.2795 0.3573, -0.9753 1.2795 0.3328, -0.9753 1.2795 0.3328, -0.9743 1.2795 0.3311, -0.9732 1.2795 0.3291, -0.9732 1.2795 0.3291, -0.9714 1.2795 0.3271, -0.9714 1.2795 0.3271, -0.9698 1.2795 0.326, -0.9698 1.2795 0.326, -0.9676 1.2795 0.3251, -0.9676 1.2795 0.3251, -0.965 1.2795 0.3248, -0.965 1.2795 0.3248, -0.9613 1.2795 0.3253, -0.9613 1.2795 0.3253, -0.9593 1.2795 0.326, -0.9593 1.2795 0.326, -0.9592 1.2795 0.3171, -0.9592 1.2795 0.3171, -0.9635 1.2795 0.3163, -0.9635 1.2795 0.3163, -0.9657 1.2795 0.3162, -0.9657 1.2795 0.3162, -0.9697 1.2795 0.3166, -0.9697 1.2795 0.3166, -0.9737 1.2795 0.3181, -0.9737 1.2795 0.3181, -0.9743 1.2795 0.3186, -0.9772 1.2795 0.3206, -0.9772 1.2795 0.3206, -0.9779 1.2795 0.3212, -0.9779 1.2795 0.3212, -0.9816 1.2795 0.3256, -0.9816 1.2795 0.3256, -0.9862 1.2795 0.3344, -0.9862 1.2795 0.3344, -1.0662 1.2795 0.3516, -1.0661 1.2795 0.3424, -1.0662 1.2795 0.3516, -1.0661 1.2795 0.3424, -1.0334 1.2795 0.3518, -1.0334 1.2795 0.3518, -1.0494 1.2795 0.3517, -1.0336 1.2795 0.3787, -1.0336 1.2795 0.3787, -1.0623 1.2795 0.3785, -1.0623 1.2795 0.3785, -1.0494 1.2795 0.3786, -1.0623 1.2795 0.3877, -1.0623 1.2795 0.3877, -1.0337 1.2795 0.3879, -1.0337 1.2795 0.3879, -1.0494 1.2795 0.3878, -1.0339 1.2795 0.4135, -1.0339 1.2795 0.4135, -1.0648 1.2795 0.4133, -1.0648 1.2795 0.4133, -1.0494 1.2795 0.4134, -1.0648 1.2795 0.4225, -1.0648 1.2795 0.4225, -1.0648 1.2795 0.422, -1.0236 1.2795 0.4228, -1.0236 1.2795 0.4228, -1.0494 1.2795 0.4226, -1.023 1.2795 0.3427, -1.023 1.2795 0.3427, -1.0236 1.2795 0.422, -1.0494 1.2795 0.3426, -1.1307 1.2795 0.3638, -1.1271 1.2795 0.3595, -1.1344 1.2795 0.3532, -1.1262 1.2795 0.3587, -1.126 1.2795 0.3473, -1.121 1.2795 0.3551, -1.1169 1.2795 0.3437, -1.1144 1.2795 0.3526, -1.1032 1.2795 0.3422, -1.1032 1.2795 0.3513, -1.0812 1.2795 0.3423, -1.0916 1.2795 0.3514, -1.0818 1.2795 0.4224, -1.0921 1.2795 0.4131, -1.1046 1.2795 0.4222, -1.1042 1.2795 0.413, -1.1168 1.2795 0.4208, -1.1144 1.2795 0.4118, -1.1265 1.2795 0.4172, -1.1214 1.2795 0.4093, -1.1348 1.2795 0.4114, -1.1272 1.2795 0.4053, -1.1376 1.2795 0.4087, -1.1294 1.2795 0.4032, -1.1425 1.2795 0.4017, -1.1325 1.2795 0.3987, -1.1454 1.2795 0.394, -1.1347 1.2795 0.3928, -1.1467 1.2795 0.3829, -1.1358 1.2795 0.3827, -1.1464 1.2795 0.3778, -1.1354 1.2795 0.3767, -1.1444 1.2795 0.3685, -1.1337 1.2795 0.3696, -1.1404 1.2795 0.3602, -1.1032 1.2795 0.3422, -1.0812 1.2795 0.3423, -1.1169 1.2795 0.3437, -1.126 1.2795 0.3473, -1.1344 1.2795 0.3532, -1.1404 1.2795 0.3602, -1.1444 1.2795 0.3685, -1.1464 1.2795 0.3778, -1.1467 1.2795 0.3829, -1.1454 1.2795 0.394, -1.1425 1.2795 0.4017, -1.1376 1.2795 0.4087, -1.1348 1.2795 0.4114, -1.1046 1.2795 0.4222, -1.1063 1.2795 0.422, -1.1168 1.2795 0.4208, -1.1265 1.2795 0.4172, -1.0818 1.2795 0.4224, -1.0818 1.2795 0.422, -1.1042 1.2795 0.413, -1.0921 1.2795 0.4131, -1.0916 1.2795 0.3514, -1.1032 1.2795 0.3513, -1.1271 1.2795 0.3595, -1.1262 1.2795 0.3587, -1.121 1.2795 0.3551, -1.1144 1.2795 0.3526, -1.1358 1.2795 0.3827, -1.1354 1.2795 0.3767, -1.1337 1.2795 0.3696, -1.1307 1.2795 0.3638, -1.1272 1.2795 0.4053, -1.1294 1.2795 0.4032, -1.1325 1.2795 0.3987, -1.1347 1.2795 0.3928, -1.1144 1.2795 0.4118, -1.1214 1.2795 0.4093
            ]
        }
        coordIndex [
            0,1,2,-1,3,4,5,-1,3,5,6,-1,6,5,7,-1,6,7,2,-1,2,7,8,-1,2,8,0,-1,9,1,10,-1,10,1,0,-1,11,12,13,-1,9,10,14,-1,9,14,13,-1,13,14,15,-1,13,15,11,-1,12,11,16,-1,12,16,17,-1,17,16,18,-1,17,18,19,-1,19,18,20,-1,19,20,21,-1,21,20,22,-1,21,22,23,-1,23,22,24,-1,23,24,25,-1,25,24,26,-1,25,26,27,-1,27,26,28,-1,27,28,29,-1,29,28,30,-1,29,30,31,-1,31,30,32,-1,31,32,33,-1,33,32,34,-1,33,34,35,-1,35,34,36,-1,35,36,37,-1,37,36,38,-1,37,38,39,-1,39,38,40,-1,39,40,41,-1,41,40,42,-1,41,42,43,-1,43,42,44,-1,43,44,45,-1,45,44,46,-1,45,46,47,-1,47,46,48,-1,47,48,49,-1,49,48,50,-1,49,50,51,-1,51,50,52,-1,51,52,53,-1,53,52,54,-1,53,54,55,-1,55,54,56,-1,55,56,57,-1,57,56,58,-1,57,58,59,-1,59,58,60,-1,59,60,61,-1,61,60,62,-1,61,62,63,-1,63,62,64,-1,63,64,65,-1,65,64,66,-1,65,66,67,-1,67,66,68,-1,67,68,69,-1,69,68,70,-1,69,70,71,-1,71,70,72,-1,71,72,73,-1,74,73,75,-1,75,73,72,-1,74,75,76,-1,74,76,77,-1,77,76,78,-1,77,78,79,-1,79,78,80,-1,79,80,81,-1,81,80,82,-1,81,82,83,-1,83,82,84,-1,83,84,85,-1,86,85,87,-1,87,85,84,-1,87,88,86,-1,86,88,89,-1,86,89,90,-1,90,89,91,-1,90,91,92,-1,92,91,93,-1,92,93,94,-1,94,93,95,-1,94,95,96,-1,96,95,97,-1,96,97,98,-1,98,97,99,-1,98,99,100,-1,101,102,103,-1,100,99,104,-1,100,104,105,-1,105,104,106,-1,105,106,103,-1,103,106,107,-1,103,107,101,-1,102,101,108,-1,102,108,109,-1,109,108,110,-1,109,110,111,-1,111,110,112,-1,111,112,113,-1,113,112,114,-1,113,114,115,-1,115,114,116,-1,115,116,117,-1,117,116,118,-1,117,118,119,-1,119,118,120,-1,119,120,121,-1,121,120,122,-1,121,122,123,-1,123,122,124,-1,123,124,125,-1,125,124,126,-1,125,126,127,-1,127,126,128,-1,127,128,129,-1,129,128,130,-1,129,130,131,-1,131,130,132,-1,131,132,133,-1,133,132,4,-1,133,4,3,-1,59,61,83,-1,83,61,81,-1,109,41,102,-1,102,41,43,-1,19,21,125,-1,125,21,23,-1,125,23,123,-1,123,23,25,-1,123,25,121,-1,121,25,27,-1,121,27,119,-1,119,27,29,-1,119,29,117,-1,117,29,31,-1,117,31,115,-1,115,31,33,-1,115,33,113,-1,113,33,35,-1,113,35,111,-1,111,35,37,-1,111,37,109,-1,109,37,39,-1,109,39,41,-1,12,3,13,-1,13,3,6,-1,13,6,9,-1,9,6,2,-1,9,2,1,-1,61,63,81,-1,81,63,65,-1,81,65,79,-1,79,65,67,-1,79,67,77,-1,77,67,69,-1,77,69,74,-1,74,69,71,-1,74,71,73,-1,125,127,19,-1,19,127,129,-1,19,129,17,-1,17,129,131,-1,17,131,12,-1,12,131,133,-1,12,133,3,-1,83,85,59,-1,59,85,86,-1,59,86,57,-1,57,86,90,-1,57,90,55,-1,55,90,92,-1,55,92,53,-1,53,92,94,-1,53,94,51,-1,51,94,96,-1,51,96,49,-1,49,96,98,-1,49,98,47,-1,47,98,100,-1,47,100,45,-1,45,100,105,-1,45,105,43,-1,43,105,103,-1,43,103,102,-1,134,135,136,-1,136,135,137,-1,138,134,139,-1,139,134,136,-1,138,139,140,-1,138,140,141,-1,141,140,142,-1,141,142,143,-1,144,143,145,-1,145,143,142,-1,146,144,147,-1,147,144,145,-1,148,149,150,-1,150,149,146,-1,150,146,147,-1,151,149,152,-1,152,149,148,-1,153,154,155,-1,155,154,151,-1,155,151,152,-1,156,154,157,-1,157,154,153,-1,156,157,158,-1,156,158,159,-1,158,160,159,-1,159,160,161,-1,159,161,162,-1,162,161,163,-1,162,163,164,-1,164,163,165,-1,164,165,166,-1,166,165,167,-1,166,167,168,-1,168,167,169,-1,168,169,170,-1,170,169,171,-1,170,171,172,-1,173,172,174,-1,174,172,171,-1,173,174,175,-1,173,175,176,-1,176,175,177,-1,176,177,178,-1,178,177,179,-1,178,179,180,-1,180,179,181,-1,180,181,182,-1,182,181,183,-1,182,183,184,-1,183,185,184,-1,184,185,186,-1,184,186,187,-1,187,186,188,-1,187,188,189,-1,189,188,190,-1,189,190,191,-1,135,191,137,-1,137,191,190,-1,141,143,191,-1,135,134,191,-1,191,134,138,-1,191,138,141,-1,149,151,146,-1,146,151,154,-1,146,154,144,-1,172,173,170,-1,170,173,176,-1,170,176,168,-1,168,176,178,-1,168,178,166,-1,166,178,180,-1,166,180,164,-1,164,180,182,-1,164,182,162,-1,143,144,191,-1,191,144,154,-1,191,154,189,-1,154,156,189,-1,189,156,159,-1,189,159,187,-1,187,159,162,-1,187,162,184,-1,184,162,182,-1,192,193,194,-1,194,193,195,-1,196,197,198,-1,198,197,192,-1,198,192,194,-1,199,197,200,-1,200,197,196,-1,201,202,203,-1,203,202,199,-1,203,199,200,-1,204,202,205,-1,205,202,201,-1,206,207,208,-1,208,207,204,-1,208,204,205,-1,209,207,210,-1,210,207,206,-1,211,212,213,-1,213,212,209,-1,213,209,210,-1,214,215,216,-1,216,215,212,-1,216,212,211,-1,217,218,219,-1,219,218,215,-1,219,215,214,-1,220,221,222,-1,222,221,218,-1,222,218,217,-1,195,193,223,-1,223,193,221,-1,223,221,220,-1,221,193,192,-1,192,197,221,-1,221,197,199,-1,221,199,218,-1,212,215,209,-1,209,215,218,-1,209,218,207,-1,207,218,199,-1,207,199,204,-1,204,199,202,-1,224,225,226,-1,226,225,227,-1,226,227,228,-1,228,227,229,-1,228,229,230,-1,230,229,231,-1,230,231,232,-1,232,231,233,-1,232,233,234,-1,234,233,235,-1,234,235,236,-1,236,235,237,-1,236,237,238,-1,238,237,239,-1,238,239,240,-1,240,239,241,-1,240,241,242,-1,242,241,243,-1,242,243,244,-1,244,243,245,-1,244,245,246,-1,246,245,247,-1,246,247,248,-1,248,247,249,-1,248,249,250,-1,250,249,251,-1,250,251,252,-1,252,251,253,-1,252,253,254,-1,254,253,255,-1,254,255,256,-1,256,255,257,-1,256,257,258,-1,258,257,224,-1,258,224,226,-1,232,234,259,-1,259,234,260,-1,232,259,261,-1,232,261,230,-1,230,261,262,-1,230,262,228,-1,228,262,263,-1,228,263,226,-1,226,263,264,-1,226,264,258,-1,258,264,265,-1,258,265,256,-1,256,265,266,-1,256,266,254,-1,254,266,267,-1,254,267,252,-1,252,267,268,-1,252,268,250,-1,250,268,269,-1,250,269,248,-1,248,269,270,-1,248,270,246,-1,246,270,271,-1,246,271,244,-1,272,238,273,-1,273,238,240,-1,273,240,274,-1,274,240,242,-1,274,242,275,-1,275,242,244,-1,275,244,271,-1,236,238,276,-1,276,238,272,-1,260,234,277,-1,277,234,236,-1,277,236,276,-1,239,237,278,-1,278,237,279,-1,237,235,279,-1,279,235,280,-1,235,233,280,-1,280,233,281,-1,225,282,283,-1,225,283,227,-1,227,283,284,-1,227,284,229,-1,229,284,285,-1,229,285,231,-1,231,285,281,-1,231,281,233,-1,253,286,287,-1,253,287,255,-1,255,287,288,-1,255,288,257,-1,257,288,289,-1,257,289,224,-1,224,289,282,-1,224,282,225,-1,245,290,291,-1,245,291,247,-1,247,291,292,-1,247,292,249,-1,249,292,293,-1,249,293,251,-1,251,293,286,-1,251,286,253,-1,239,278,294,-1,239,294,241,-1,241,294,295,-1,241,295,243,-1,243,295,290,-1,243,290,245,-1,
        ]
    }
}
Shape{
    appearance Appearance {
        material  Material 	{
            diffuseColor 0.2235294117647059 0.2235294117647059 0.2235294117647059
            specularColor 0.11372549019607843 0.11372549019607843 0.11372549019607843
            ambientIntensity 0.2235
            transparency 0.0
            shininess 0.5
        }
    }
    geometry IndexedFaceSet {
        ccw TRUE
        solid FALSE
        coord DEF co Coordinate {
            point [
                -1.1262 1.2795 0.3587, -1.1271 1.2795 0.3595, -1.1042 1.2795 0.413, -1.0921 1.2795 0.4131, -1.0916 1.2795 0.3514, -1.1032 1.2795 0.3513, -1.1144 1.2795 0.3526, -1.121 1.2795 0.3551, -1.1307 1.2795 0.3638, -1.1337 1.2795 0.3696, -1.1354 1.2795 0.3767, -1.1358 1.2795 0.3827, -1.1347 1.2795 0.3928, -1.1325 1.2795 0.3987, -1.1294 1.2795 0.4032, -1.1272 1.2795 0.4053, -1.1144 1.2795 0.4118, -1.1214 1.2795 0.4093
            ]
        }
        coordIndex [
            0,1,2,-1,3,4,2,-1,2,4,5,-1,5,6,2,-1,2,6,7,-1,2,7,0,-1,1,8,2,-1,2,8,9,-1,2,9,10,-1,10,11,2,-1,2,11,12,-1,2,12,13,-1,13,14,2,-1,2,14,15,-1,2,15,16,-1,16,15,17,-1,
        ]
    }
}
Shape{
    appearance Appearance {
        material  Material 	{
            diffuseColor 1.0 1.0 1.0
            specularColor 0.5019607843137255 0.5019607843137255 0.5019607843137255
            ambientIntensity 1.0
            transparency 0.0
            shininess 0.5
        }
    }
    geometry IndexedFaceSet {
        ccw TRUE
        solid FALSE
        coord DEF co Coordinate {
            point [
                -1.1735 1.2795 0.3726, -1.1857 1.2795 0.4058, -1.1819 1.2795 0.4217, -1.1508 1.2795 0.3418, -1.1623 1.2795 0.3418, -1.1701 1.2795 0.3636, -1.1864 1.2795 0.4082, -1.187 1.2795 0.4114, -1.193 1.2795 0.4216, -1.1873 1.2795 0.4114, -1.1879 1.2795 0.408, -1.1885 1.2795 0.4058, -1.2003 1.2795 0.3724, -1.2229 1.2795 0.3413, -1.2115 1.2795 0.3414, -1.2035 1.2795 0.3634, -1.193 1.2795 0.4216, -1.2229 1.2795 0.3413, -1.1819 1.2795 0.4217, -1.1508 1.2795 0.3418, -1.1623 1.2795 0.3418, -1.1701 1.2795 0.3636, -1.2035 1.2795 0.3634, -1.2115 1.2795 0.3414, -1.1735 1.2795 0.3726, -1.2003 1.2795 0.3724, -1.1885 1.2795 0.4058, -1.1873 1.2795 0.4114, -1.1879 1.2795 0.408, -1.187 1.2795 0.4114, -1.1857 1.2795 0.4058, -1.1864 1.2795 0.4082
            ]
        }
        coordIndex [
            0,1,2,-1,3,4,5,-1,1,6,2,-1,2,6,7,-1,2,7,8,-1,8,7,9,-1,8,9,10,-1,10,11,8,-1,8,11,12,-1,8,12,13,-1,14,13,15,-1,15,13,12,-1,15,12,5,-1,5,12,0,-1,5,0,3,-1,3,0,2,-1,8,13,16,-1,16,13,17,-1,2,8,18,-1,18,8,16,-1,3,2,19,-1,19,2,18,-1,4,3,20,-1,20,3,19,-1,5,4,21,-1,21,4,20,-1,15,5,22,-1,22,5,21,-1,14,15,23,-1,23,15,22,-1,13,14,17,-1,17,14,23,-1,0,12,24,-1,24,12,25,-1,12,11,25,-1,25,11,26,-1,9,27,28,-1,9,28,10,-1,10,28,26,-1,10,26,11,-1,9,7,27,-1,27,7,29,-1,1,30,31,-1,1,31,6,-1,6,31,29,-1,6,29,7,-1,1,0,30,-1,30,0,24,-1,
        ]
    }
}
Shape{
    appearance Appearance {
        material  Material 	{
            diffuseColor 0.2235294117647059 0.2235294117647059 0.2235294117647059
            specularColor 0.11372549019607843 0.11372549019607843 0.11372549019607843
            ambientIntensity 0.2235
            transparency 0.0
            shininess 0.5
        }
    }
    geometry IndexedFaceSet {
        ccw TRUE
        solid FALSE
        coord DEF co Coordinate {
            point [
                -1.1873 1.2795 0.4114, -1.187 1.2795 0.4114, -1.1879 1.2795 0.408, -1.1864 1.2795 0.4082, -1.1885 1.2795 0.4058, -1.1857 1.2795 0.4058, -1.2003 1.2795 0.3724, -1.1735 1.2795 0.3726
            ]
        }
        coordIndex [
            0,1,2,-1,2,1,3,-1,2,3,4,-1,4,3,5,-1,4,5,6,-1,6,5,7,-1,
        ]
    }
}
Shape{
    appearance Appearance {
        material  Material 	{
            diffuseColor 1.0 1.0 1.0
            specularColor 0.5019607843137255 0.5019607843137255 0.5019607843137255
            ambientIntensity 1.0
            transparency 0.0
            shininess 0.5
        }
    }
    geometry IndexedFaceSet {
        ccw TRUE
        solid FALSE
        coord DEF co Coordinate {
            point [
                -0.4476 1.2795 0.3355, -0.456 1.2795 0.325, -0.4428 1.2795 0.3859, -0.649 1.2795 0.4845, -0.6523 1.2795 0.4686, -0.6804 1.2795 0.4992, -0.6331 1.2795 0.4124, -0.6157 1.2795 0.4427, -0.5392 1.2795 0.4034, -0.5007 1.2795 0.3866, -0.506 1.2795 0.3846, -0.4337 1.2795 0.4849, -0.4464 1.2795 0.4915, -0.4447 1.2795 0.5268, -0.466 1.2795 0.5292, -0.5105 1.2795 0.3814, -0.5141 1.2795 0.3773, -0.5532 1.2795 0.3708, -0.4305 1.2795 0.3936, -0.4334 1.2795 0.3504, -0.442 1.2795 0.3477, -0.5165 1.2795 0.3726, -0.5177 1.2795 0.3673, -0.5531 1.2795 0.3652, -0.5177 1.2795 0.3625, -0.6569 1.2795 0.4686, -0.6677 1.2795 0.4672, -0.6833 1.2795 0.4982, -0.6776 1.2795 0.4633, -0.7001 1.2795 0.4897, -0.7155 1.2795 0.4765, -0.5335 1.2795 0.5304, -0.5043 1.2795 0.5528, -0.5182 1.2795 0.5193, -0.4909 1.2795 0.5414, -0.5053 1.2795 0.5042, -0.4791 1.2795 0.5279, -0.4965 1.2795 0.4862, -0.4605 1.2795 0.4947, -0.4664 1.2795 0.495, -0.4726 1.2795 0.5288, -0.4796 1.2795 0.4933, -0.4924 1.2795 0.4885, -0.4814 1.2795 0.348, -0.4861 1.2795 0.345, -0.4671 1.2795 0.3165, -0.4914 1.2795 0.3432, -0.4907 1.2795 0.3866, -0.483 1.2795 0.4215, -0.4857 1.2795 0.3848, -0.4704 1.2795 0.4168, -0.4812 1.2795 0.3818, -0.4587 1.2795 0.4088, -0.4774 1.2795 0.3778, -0.4492 1.2795 0.3981, -0.4748 1.2795 0.3728, -0.4735 1.2795 0.3673, -0.7148 1.2795 0.3703, -0.6884 1.2795 0.393, -0.6992 1.2795 0.3573, -0.68 1.2795 0.3862, -0.6818 1.2795 0.3489, -0.6699 1.2795 0.3816, -0.6628 1.2795 0.345, -0.6597 1.2795 0.3798, -0.6293 1.2795 0.3453, -0.6341 1.2795 0.3799, -0.6261 1.2795 0.3458, -0.4108 1.2795 0.4522, -0.3734 1.2795 0.4441, -0.409 1.2795 0.4385, -0.3732 1.2795 0.4376, -0.4096 1.2795 0.4298, -0.3755 1.2795 0.4164, -0.4136 1.2795 0.4158, -0.3832 1.2795 0.3951, -0.4203 1.2795 0.4041, -0.3966 1.2795 0.3754, -0.4131 1.2795 0.3609, -0.5172 1.2795 0.4191, -0.5035 1.2795 0.4226, -0.4966 1.2795 0.4231, -0.6864 1.2795 0.4571, -0.6929 1.2795 0.4496, -0.727 1.2795 0.4602, -0.6982 1.2795 0.4398, -0.7338 1.2795 0.4428, -0.7007 1.2795 0.4288, -0.7363 1.2795 0.4242, -0.701 1.2795 0.4239, -0.7335 1.2795 0.4039, -0.6995 1.2795 0.4128, -0.7262 1.2795 0.3859, -0.6955 1.2795 0.4027, -0.6892 1.2795 0.3939, -0.4235 1.2795 0.5191, -0.4052 1.2795 0.5067, -0.4238 1.2795 0.4762, -0.4004 1.2795 0.5023, -0.4158 1.2795 0.4649, -0.3871 1.2795 0.4857, -0.3777 1.2795 0.4655, -0.4776 1.2795 0.352, -0.4751 1.2795 0.3566, -0.4736 1.2795 0.3618, -0.6403 1.2795 0.5029, -0.6705 1.2795 0.5196, -0.6276 1.2795 0.5183, -0.6527 1.2795 0.5418, -0.6261 1.2795 0.5197, -0.65 1.2795 0.5444, -0.6102 1.2795 0.5309, -0.6248 1.2795 0.5616, -0.5924 1.2795 0.5379, -0.5963 1.2795 0.5719, -0.5731 1.2795 0.5404, -0.5728 1.2795 0.5745, -0.5522 1.2795 0.5378, -0.5445 1.2795 0.5712, -0.5182 1.2795 0.5612, -0.4958 1.2795 0.3872, -0.5293 1.2795 0.4125, -0.6312 1.2795 0.3805, -0.6173 1.2795 0.3513, -0.6186 1.2795 0.35, -0.6329 1.2795 0.3801, -0.6223 1.2795 0.3473, -0.4801 1.2795 0.3109, -0.4936 1.2795 0.3087, -0.4955 1.2795 0.3428, -0.4958 1.2795 0.3086, -0.5005 1.2795 0.3433, -0.5096 1.2795 0.3102, -0.5055 1.2795 0.3451, -0.5223 1.2795 0.315, -0.51 1.2795 0.3481, -0.5337 1.2795 0.3228, -0.5137 1.2795 0.3521, -0.5425 1.2795 0.3326, -0.5163 1.2795 0.357, -0.5494 1.2795 0.3453, -0.5528 1.2795 0.3593, -0.6129 1.2795 0.363, -0.6134 1.2795 0.3588, -0.6149 1.2795 0.3549, -0.6262 1.2795 0.38, -0.6223 1.2795 0.3785, -0.613 1.2795 0.3653, -0.6188 1.2795 0.376, -0.6164 1.2795 0.3735, -0.6142 1.2795 0.3696, -0.6306 1.2795 0.3805, -0.7363 1.2795 0.4242, -0.7338 1.2795 0.4428, -0.7323 1.2795 0.4467, -0.727 1.2795 0.4602, -0.7203 1.2795 0.4696, -0.7155 1.2795 0.4765, -0.7001 1.2795 0.4897, -0.6833 1.2795 0.4982, -0.6804 1.2795 0.4992, -0.6705 1.2795 0.5196, -0.6527 1.2795 0.5418, -0.65 1.2795 0.5444, -0.5728 1.2795 0.5745, -0.6403 1.2795 0.551, -0.6248 1.2795 0.5616, -0.6198 1.2795 0.5634, -0.5963 1.2795 0.5719, -0.5043 1.2795 0.5528, -0.5445 1.2795 0.5712, -0.5239 1.2795 0.5634, -0.5182 1.2795 0.5612, -0.4791 1.2795 0.5279, -0.5022 1.2795 0.551, -0.4909 1.2795 0.5414, -0.4726 1.2795 0.5288, -0.466 1.2795 0.5292, -0.4447 1.2795 0.5268, -0.4235 1.2795 0.5191, -0.4052 1.2795 0.5067, -0.4004 1.2795 0.5023, -0.3732 1.2795 0.4376, -0.3871 1.2795 0.4857, -0.3796 1.2795 0.4696, -0.3777 1.2795 0.4655, -0.3739 1.2795 0.4467, -0.3734 1.2795 0.4441, -0.3749 1.2795 0.422, -0.3747 1.2795 0.4236, -0.3755 1.2795 0.4164, -0.3832 1.2795 0.3951, -0.3966 1.2795 0.3754, -0.4131 1.2795 0.3609, -0.4334 1.2795 0.3504, -0.442 1.2795 0.3477, -0.4476 1.2795 0.3355, -0.456 1.2795 0.325, -0.4671 1.2795 0.3165, -0.4801 1.2795 0.3109, -0.4936 1.2795 0.3087, -0.4958 1.2795 0.3086, -0.5096 1.2795 0.3102, -0.5223 1.2795 0.315, -0.5337 1.2795 0.3228, -0.5425 1.2795 0.3326, -0.5494 1.2795 0.3453, -0.5528 1.2795 0.3593, -0.5531 1.2795 0.3652, -0.5532 1.2795 0.3708, -0.6331 1.2795 0.4124, -0.6157 1.2795 0.4427, -0.6267 1.2795 0.4236, -0.6276 1.2795 0.422, -0.5755 1.2795 0.422, -0.5392 1.2795 0.4034, -0.5785 1.2795 0.4236, -0.4966 1.2795 0.4231, -0.5293 1.2795 0.4125, -0.5172 1.2795 0.4191, -0.5057 1.2795 0.422, -0.5035 1.2795 0.4226, -0.4879 1.2795 0.422, -0.483 1.2795 0.4215, -0.4704 1.2795 0.4168, -0.4587 1.2795 0.4088, -0.4492 1.2795 0.3981, -0.4428 1.2795 0.3859, -0.4114 1.2795 0.4236, -0.4118 1.2795 0.422, -0.4136 1.2795 0.4158, -0.4203 1.2795 0.4041, -0.4305 1.2795 0.3936, -0.4096 1.2795 0.4298, -0.409 1.2795 0.4385, -0.4101 1.2795 0.4467, -0.4108 1.2795 0.4522, -0.4158 1.2795 0.4649, -0.4191 1.2795 0.4696, -0.4238 1.2795 0.4762, -0.4337 1.2795 0.4849, -0.4464 1.2795 0.4915, -0.4605 1.2795 0.4947, -0.4664 1.2795 0.495, -0.4796 1.2795 0.4933, -0.4924 1.2795 0.4885, -0.4965 1.2795 0.4862, -0.5053 1.2795 0.5042, -0.5182 1.2795 0.5193, -0.5335 1.2795 0.5304, -0.5522 1.2795 0.5378, -0.5731 1.2795 0.5404, -0.6523 1.2795 0.4686, -0.6521 1.2795 0.4696, -0.649 1.2795 0.4845, -0.6403 1.2795 0.5029, -0.6276 1.2795 0.5183, -0.6261 1.2795 0.5197, -0.6102 1.2795 0.5309, -0.5924 1.2795 0.5379, -0.6569 1.2795 0.4686, -0.6677 1.2795 0.4672, -0.6776 1.2795 0.4633, -0.6864 1.2795 0.4571, -0.6929 1.2795 0.4496, -0.6945 1.2795 0.4467, -0.6982 1.2795 0.4398, -0.7007 1.2795 0.4288, -0.701 1.2795 0.4239, -0.7009 1.2795 0.4236, -0.7007 1.2795 0.422, -0.6995 1.2795 0.4128, -0.6955 1.2795 0.4027, -0.6892 1.2795 0.3939, -0.6884 1.2795 0.393, -0.68 1.2795 0.3862, -0.6699 1.2795 0.3816, -0.6597 1.2795 0.3798, -0.6341 1.2795 0.3799, -0.6329 1.2795 0.3801, -0.6312 1.2795 0.3805, -0.6306 1.2795 0.3805, -0.6262 1.2795 0.38, -0.6223 1.2795 0.3785, -0.6188 1.2795 0.376, -0.6164 1.2795 0.3735, -0.6142 1.2795 0.3696, -0.613 1.2795 0.3653, -0.6129 1.2795 0.363, -0.6134 1.2795 0.3588, -0.6149 1.2795 0.3549, -0.6173 1.2795 0.3513, -0.6186 1.2795 0.35, -0.6223 1.2795 0.3473, -0.6261 1.2795 0.3458, -0.6293 1.2795 0.3453, -0.6628 1.2795 0.345, -0.6818 1.2795 0.3489, -0.6992 1.2795 0.3573, -0.7148 1.2795 0.3703, -0.7262 1.2795 0.3859, -0.7335 1.2795 0.4039, -0.736 1.2795 0.422, -0.7362 1.2795 0.4236, -0.4958 1.2795 0.3872, -0.5007 1.2795 0.3866, -0.506 1.2795 0.3846, -0.5105 1.2795 0.3814, -0.5141 1.2795 0.3773, -0.5165 1.2795 0.3726, -0.5177 1.2795 0.3673, -0.5177 1.2795 0.3625, -0.5163 1.2795 0.357, -0.5137 1.2795 0.3521, -0.51 1.2795 0.3481, -0.5055 1.2795 0.3451, -0.5005 1.2795 0.3433, -0.4955 1.2795 0.3428, -0.4914 1.2795 0.3432, -0.4861 1.2795 0.345, -0.4814 1.2795 0.348, -0.4776 1.2795 0.352, -0.4751 1.2795 0.3566, -0.4736 1.2795 0.3618, -0.4735 1.2795 0.3673, -0.4748 1.2795 0.3728, -0.4774 1.2795 0.3778, -0.4812 1.2795 0.3818, -0.4857 1.2795 0.3848, -0.4907 1.2795 0.3866
            ]
        }
        coordIndex [
            0,1,2,-1,3,4,5,-1,6,7,8,-1,9,10,6,-1,11,12,13,-1,13,12,14,-1,10,15,6,-1,6,15,16,-1,6,16,17,-1,18,19,2,-1,2,19,20,-1,2,20,0,-1,16,21,17,-1,17,21,22,-1,17,22,23,-1,23,22,24,-1,4,25,5,-1,5,25,26,-1,5,26,27,-1,27,26,28,-1,27,28,29,-1,29,28,30,-1,31,32,33,-1,33,32,34,-1,33,34,35,-1,35,34,36,-1,35,36,37,-1,12,38,14,-1,14,38,39,-1,14,39,40,-1,40,39,41,-1,40,41,36,-1,36,41,42,-1,36,42,37,-1,43,1,44,-1,44,1,45,-1,44,45,46,-1,47,48,49,-1,49,48,50,-1,49,50,51,-1,51,50,52,-1,51,52,53,-1,53,52,54,-1,53,54,55,-1,55,54,2,-1,55,2,56,-1,57,58,59,-1,59,58,60,-1,59,60,61,-1,61,60,62,-1,61,62,63,-1,63,62,64,-1,63,64,65,-1,65,64,66,-1,65,66,67,-1,68,69,70,-1,70,69,71,-1,70,71,72,-1,72,71,73,-1,72,73,74,-1,74,73,75,-1,74,75,76,-1,76,75,77,-1,76,77,18,-1,18,77,78,-1,18,78,19,-1,79,80,47,-1,47,80,81,-1,47,81,48,-1,28,82,30,-1,30,82,83,-1,30,83,84,-1,84,83,85,-1,84,85,86,-1,86,85,87,-1,86,87,88,-1,88,87,89,-1,88,89,90,-1,90,89,91,-1,90,91,92,-1,92,91,93,-1,92,93,57,-1,57,93,94,-1,57,94,58,-1,13,95,11,-1,11,95,96,-1,11,96,97,-1,97,96,98,-1,97,98,99,-1,99,98,100,-1,99,100,68,-1,68,100,101,-1,68,101,69,-1,43,102,1,-1,1,102,103,-1,1,103,2,-1,2,103,104,-1,2,104,56,-1,3,5,105,-1,105,5,106,-1,105,106,107,-1,107,106,108,-1,107,108,109,-1,109,108,110,-1,109,110,111,-1,111,110,112,-1,111,112,113,-1,113,112,114,-1,113,114,115,-1,115,114,116,-1,115,116,117,-1,117,116,118,-1,117,118,31,-1,31,118,119,-1,31,119,32,-1,9,6,120,-1,120,6,8,-1,120,8,47,-1,47,8,121,-1,47,121,79,-1,122,123,124,-1,66,125,67,-1,67,125,122,-1,67,122,126,-1,126,122,124,-1,45,127,46,-1,46,127,128,-1,46,128,129,-1,129,128,130,-1,129,130,131,-1,131,130,132,-1,131,132,133,-1,133,132,134,-1,133,134,135,-1,135,134,136,-1,135,136,137,-1,137,136,138,-1,137,138,139,-1,139,138,140,-1,139,140,24,-1,24,140,141,-1,24,141,23,-1,142,143,122,-1,122,143,144,-1,122,144,123,-1,145,146,147,-1,146,148,147,-1,147,148,149,-1,147,149,150,-1,142,122,147,-1,147,122,151,-1,147,151,145,-1,88,152,153,-1,88,153,86,-1,86,153,154,-1,86,154,84,-1,154,155,84,-1,84,155,156,-1,84,156,30,-1,156,157,30,-1,30,157,158,-1,30,158,29,-1,29,158,159,-1,29,159,27,-1,27,159,160,-1,27,160,5,-1,5,160,161,-1,5,161,106,-1,106,161,162,-1,106,162,108,-1,108,162,163,-1,108,163,110,-1,164,116,114,-1,110,163,165,-1,110,165,112,-1,165,166,112,-1,112,166,167,-1,112,167,114,-1,114,167,168,-1,114,168,164,-1,169,32,119,-1,116,164,170,-1,116,170,118,-1,118,170,171,-1,118,171,119,-1,119,171,172,-1,119,172,169,-1,173,36,34,-1,32,169,174,-1,32,174,34,-1,34,174,175,-1,34,175,173,-1,36,173,176,-1,36,176,40,-1,40,176,177,-1,40,177,14,-1,14,177,178,-1,14,178,13,-1,13,178,179,-1,13,179,95,-1,95,179,180,-1,95,180,96,-1,96,180,181,-1,96,181,98,-1,182,71,69,-1,98,181,183,-1,98,183,100,-1,100,183,184,-1,100,184,101,-1,184,185,101,-1,101,185,186,-1,101,186,69,-1,69,186,187,-1,69,187,182,-1,188,73,189,-1,189,73,71,-1,189,71,182,-1,188,190,73,-1,73,190,191,-1,73,191,75,-1,75,191,192,-1,75,192,77,-1,77,192,193,-1,77,193,78,-1,78,193,194,-1,78,194,19,-1,19,194,195,-1,19,195,20,-1,20,195,196,-1,20,196,0,-1,0,196,197,-1,0,197,1,-1,1,197,198,-1,1,198,45,-1,45,198,199,-1,45,199,127,-1,127,199,200,-1,127,200,128,-1,128,200,201,-1,128,201,130,-1,130,201,202,-1,130,202,132,-1,132,202,203,-1,132,203,134,-1,134,203,204,-1,134,204,136,-1,136,204,205,-1,136,205,138,-1,138,205,206,-1,138,206,140,-1,140,206,207,-1,140,207,141,-1,141,207,208,-1,141,208,23,-1,17,23,209,-1,209,23,208,-1,6,17,210,-1,210,17,209,-1,211,7,212,-1,212,7,6,-1,212,6,213,-1,213,6,210,-1,214,215,8,-1,214,8,216,-1,216,8,7,-1,216,7,211,-1,217,81,80,-1,8,215,218,-1,8,218,121,-1,121,218,219,-1,121,219,79,-1,79,219,220,-1,79,220,80,-1,80,220,221,-1,80,221,217,-1,48,81,222,-1,222,81,217,-1,222,223,48,-1,48,223,224,-1,48,224,50,-1,50,224,225,-1,50,225,52,-1,52,225,226,-1,52,226,54,-1,54,226,227,-1,54,227,2,-1,228,72,229,-1,229,72,74,-1,229,74,230,-1,230,74,76,-1,230,76,231,-1,231,76,18,-1,231,18,232,-1,232,18,2,-1,232,2,227,-1,228,233,72,-1,72,233,234,-1,72,234,70,-1,68,70,235,-1,235,70,234,-1,235,236,68,-1,68,236,237,-1,68,237,99,-1,99,237,238,-1,99,238,97,-1,238,239,97,-1,97,239,240,-1,97,240,11,-1,11,240,241,-1,11,241,12,-1,12,241,242,-1,12,242,38,-1,38,242,243,-1,38,243,39,-1,39,243,244,-1,39,244,41,-1,41,244,245,-1,41,245,42,-1,42,245,246,-1,42,246,37,-1,37,246,247,-1,37,247,35,-1,35,247,248,-1,35,248,33,-1,33,248,249,-1,33,249,31,-1,31,249,250,-1,31,250,117,-1,117,250,251,-1,117,251,115,-1,252,4,253,-1,253,4,3,-1,253,3,254,-1,254,3,105,-1,254,105,255,-1,255,105,107,-1,255,107,256,-1,256,107,109,-1,256,109,257,-1,257,109,111,-1,257,111,258,-1,258,111,113,-1,258,113,259,-1,259,113,115,-1,259,115,251,-1,25,4,260,-1,260,4,252,-1,25,260,261,-1,25,261,26,-1,26,261,262,-1,26,262,28,-1,28,262,263,-1,28,263,82,-1,82,263,264,-1,82,264,83,-1,83,264,265,-1,83,265,85,-1,265,266,85,-1,85,266,267,-1,85,267,87,-1,87,267,268,-1,87,268,89,-1,268,269,89,-1,89,269,270,-1,89,270,91,-1,270,271,91,-1,91,271,272,-1,91,272,93,-1,93,272,273,-1,93,273,94,-1,94,273,274,-1,94,274,58,-1,58,274,275,-1,58,275,60,-1,60,275,276,-1,60,276,62,-1,62,276,277,-1,62,277,64,-1,66,64,278,-1,278,64,277,-1,66,278,279,-1,66,279,125,-1,125,279,280,-1,125,280,122,-1,122,280,281,-1,122,281,151,-1,151,281,282,-1,151,282,145,-1,145,282,283,-1,145,283,146,-1,146,283,284,-1,146,284,148,-1,148,284,285,-1,148,285,149,-1,149,285,286,-1,149,286,150,-1,150,286,287,-1,150,287,147,-1,147,287,288,-1,147,288,142,-1,142,288,289,-1,142,289,143,-1,143,289,290,-1,143,290,144,-1,144,290,291,-1,144,291,123,-1,123,291,292,-1,123,292,124,-1,124,292,293,-1,124,293,126,-1,126,293,294,-1,126,294,67,-1,67,294,295,-1,67,295,65,-1,63,65,296,-1,296,65,295,-1,63,296,297,-1,63,297,61,-1,61,297,298,-1,61,298,59,-1,59,298,299,-1,59,299,57,-1,57,299,300,-1,57,300,92,-1,92,300,301,-1,92,301,90,-1,90,301,302,-1,90,302,88,-1,88,302,303,-1,88,303,152,-1,120,304,305,-1,120,305,9,-1,9,305,306,-1,9,306,10,-1,10,306,307,-1,10,307,15,-1,15,307,308,-1,15,308,16,-1,16,308,309,-1,16,309,21,-1,21,309,310,-1,21,310,22,-1,22,310,311,-1,22,311,24,-1,24,311,312,-1,24,312,139,-1,139,312,313,-1,139,313,137,-1,137,313,314,-1,137,314,135,-1,135,314,315,-1,135,315,133,-1,133,315,316,-1,133,316,131,-1,131,316,317,-1,131,317,129,-1,129,317,318,-1,129,318,46,-1,46,318,319,-1,46,319,44,-1,44,319,320,-1,44,320,43,-1,43,320,321,-1,43,321,102,-1,102,321,322,-1,102,322,103,-1,103,322,323,-1,103,323,104,-1,104,323,324,-1,104,324,56,-1,56,324,325,-1,56,325,55,-1,55,325,326,-1,55,326,53,-1,53,326,327,-1,53,327,51,-1,51,327,328,-1,51,328,49,-1,49,328,329,-1,49,329,47,-1,47,329,304,-1,47,304,120,-1,
        ]
    }
}
Shape{
    appearance Appearance {
        material  Material 	{
            diffuseColor 0.2235294117647059 0.2235294117647059 0.2235294117647059
            specularColor 0.11372549019607843 0.11372549019607843 0.11372549019607843
            ambientIntensity 0.2235
            transparency 0.0
            shininess 0.5
        }
    }
    geometry IndexedFaceSet {
        ccw TRUE
        solid FALSE
        coord DEF co Coordinate {
            point [
                -0.4914 1.2795 0.3432, -0.4955 1.2795 0.3428, -0.4958 1.2795 0.3872, -0.5177 1.2795 0.3673, -0.5177 1.2795 0.3625, -0.5005 1.2795 0.3433, -0.5055 1.2795 0.3451, -0.5165 1.2795 0.3726, -0.5141 1.2795 0.3773, -0.5105 1.2795 0.3814, -0.4857 1.2795 0.3848, -0.4776 1.2795 0.352, -0.4814 1.2795 0.348, -0.506 1.2795 0.3846, -0.5007 1.2795 0.3866, -0.4751 1.2795 0.3566, -0.4812 1.2795 0.3818, -0.4736 1.2795 0.3618, -0.4907 1.2795 0.3866, -0.4861 1.2795 0.345, -0.51 1.2795 0.3481, -0.5137 1.2795 0.3521, -0.5163 1.2795 0.357, -0.4735 1.2795 0.3673, -0.4774 1.2795 0.3778, -0.4748 1.2795 0.3728
            ]
        }
        coordIndex [
            0,1,2,-1,3,1,4,-1,4,1,5,-1,4,5,6,-1,3,7,1,-1,1,7,8,-1,1,8,9,-1,10,11,12,-1,9,13,1,-1,1,13,14,-1,1,14,2,-1,11,10,15,-1,15,10,16,-1,15,16,17,-1,2,18,0,-1,0,18,10,-1,0,10,19,-1,19,10,12,-1,6,20,4,-1,4,20,21,-1,4,21,22,-1,17,16,23,-1,23,16,24,-1,23,24,25,-1,
        ]
    }
}